-- phpMyAdmin SQL Dump
-- version 4.0.10deb1ubuntu0.1
-- http://www.phpmyadmin.net
--
-- Servidor: localhost
-- Tiempo de generación: 15-03-2019 a las 19:42:04
-- Versión del servidor: 5.5.62-0ubuntu0.14.04.1
-- Versión de PHP: 7.2.13-1+ubuntu14.04.1+deb.sury.org+1

SET SQL_MODE = "NO_AUTO_VALUE_ON_ZERO";
SET time_zone = "+00:00";


/*!40101 SET @OLD_CHARACTER_SET_CLIENT=@@CHARACTER_SET_CLIENT */;
/*!40101 SET @OLD_CHARACTER_SET_RESULTS=@@CHARACTER_SET_RESULTS */;
/*!40101 SET @OLD_COLLATION_CONNECTION=@@COLLATION_CONNECTION */;
/*!40101 SET NAMES utf8 */;

--
-- Base de datos: `majestic`
--

-- --------------------------------------------------------

--
-- Estructura de tabla para la tabla `tbla_admd`
--

CREATE TABLE IF NOT EXISTS `tbla_admd` (
  `id` bigint(20) unsigned NOT NULL AUTO_INCREMENT COMMENT 'Serial de la tabla',
  `admd_adms` bigint(20) unsigned NOT NULL COMMENT 'Id del usuario',
  `admd_mdlo` bigint(20) unsigned NOT NULL COMMENT 'Id del modulo',
  `admd_cons` tinyint(1) NOT NULL COMMENT 'Consultar datos',
  `admd_insr` tinyint(1) NOT NULL COMMENT 'Habilitar opci&oacute;n de insertar',
  `admd_edit` tinyint(1) NOT NULL COMMENT 'Habilitar opci&oacute;n de editar',
  `admd_elim` tinyint(1) NOT NULL COMMENT 'Habilitar opci&oacute;n de eliminar',
  `admd_estd` tinyint(1) NOT NULL COMMENT 'Estado del usuario',
  `admd_freg` timestamp NOT NULL DEFAULT CURRENT_TIMESTAMP ON UPDATE CURRENT_TIMESTAMP COMMENT 'Fecha de ingreso del registro',
  PRIMARY KEY (`id`),
  UNIQUE KEY `id` (`id`),
  KEY `fk_admd_adms` (`admd_adms`),
  KEY `fk_admd_mdlo` (`admd_mdlo`)
) ENGINE=InnoDB  DEFAULT CHARSET=utf8 COLLATE=utf8_bin COMMENT='M&oacute;dulos asignados' AUTO_INCREMENT=91 ;

--
-- Volcado de datos para la tabla `tbla_admd`
--

INSERT INTO `tbla_admd` (`id`, `admd_adms`, `admd_mdlo`, `admd_cons`, `admd_insr`, `admd_edit`, `admd_elim`, `admd_estd`, `admd_freg`) VALUES
(1, 1, 1, 1, 1, 1, 1, 0, '2016-08-09 15:59:17'),
(2, 1, 2, 1, 1, 1, 1, 0, '2016-08-09 15:59:17'),
(3, 1, 3, 1, 1, 1, 1, 0, '2016-08-09 15:59:17'),
(4, 1, 4, 1, 1, 1, 1, 0, '2016-08-10 00:01:08'),
(5, 1, 5, 1, 1, 1, 1, 0, '2016-08-09 20:04:30'),
(6, 1, 6, 1, 1, 1, 1, 0, '2016-08-09 20:22:23'),
(7, 1, 7, 1, 1, 1, 1, 0, '2016-08-09 20:31:55'),
(8, 1, 8, 1, 1, 1, 1, 0, '2016-08-09 20:45:19'),
(9, 1, 9, 1, 1, 1, 1, 0, '2016-08-09 20:50:23'),
(10, 1, 10, 1, 1, 1, 1, 0, '2016-08-09 20:55:58'),
(14, 1, 14, 1, 1, 1, 1, 0, '2016-08-10 19:52:31'),
(15, 1, 15, 1, 1, 1, 1, 0, '2016-08-10 22:16:43'),
(16, 1, 16, 1, 1, 1, 1, 0, '2016-08-10 19:52:31'),
(34, 1, 17, 1, 1, 1, 1, 0, '2016-08-10 22:16:43'),
(39, 1, 21, 1, 1, 1, 1, 0, '2016-08-10 22:23:05'),
(40, 1, 22, 1, 1, 1, 1, 0, '2016-08-10 22:23:05'),
(45, 1, 23, 1, 1, 1, 1, 0, '2016-08-10 22:28:00'),
(55, 1, 31, 1, 1, 1, 1, 0, '2017-03-05 19:54:12'),
(56, 1, 32, 1, 1, 1, 1, 0, '2017-04-02 22:52:51'),
(57, 1, 33, 1, 1, 1, 1, 0, '2017-04-02 23:03:38'),
(58, 1, 34, 1, 1, 1, 1, 0, '2017-04-03 00:18:32'),
(59, 1, 35, 1, 1, 1, 1, 0, '2017-04-03 01:00:22'),
(60, 1, 36, 1, 1, 1, 1, 0, '2018-02-04 01:53:42'),
(61, 2, 1, 1, 1, 1, 1, 0, '2018-02-04 23:23:36'),
(62, 2, 2, 1, 1, 1, 1, 0, '2018-02-04 23:23:36'),
(63, 2, 3, 1, 1, 1, 1, 0, '2018-02-04 23:23:36'),
(64, 2, 4, 1, 1, 1, 1, 0, '2018-02-04 23:23:36'),
(65, 2, 5, 1, 1, 1, 1, 0, '2018-02-04 23:23:36'),
(66, 2, 6, 1, 1, 1, 1, 0, '2018-02-04 23:23:36'),
(67, 2, 7, 1, 1, 1, 1, 0, '2018-02-04 23:23:36'),
(68, 2, 8, 1, 1, 1, 1, 0, '2018-02-04 23:23:36'),
(69, 2, 9, 1, 1, 1, 1, 0, '2018-02-04 23:23:36'),
(70, 2, 10, 1, 1, 1, 1, 0, '2018-02-04 23:23:36'),
(71, 2, 14, 1, 1, 1, 1, 0, '2018-02-04 23:23:36'),
(72, 2, 15, 1, 1, 1, 1, 0, '2018-02-04 23:23:36'),
(73, 2, 16, 1, 1, 1, 1, 0, '2018-02-04 23:23:36'),
(74, 2, 17, 1, 1, 1, 1, 0, '2018-02-04 23:23:36'),
(75, 2, 22, 1, 1, 1, 1, 0, '2018-02-04 23:23:37'),
(76, 2, 23, 1, 1, 1, 1, 0, '2018-02-04 23:23:37'),
(79, 2, 31, 1, 1, 1, 1, 0, '2018-02-04 23:23:37'),
(80, 2, 32, 1, 1, 1, 1, 0, '2018-02-04 23:23:37'),
(81, 2, 33, 1, 1, 1, 1, 0, '2018-02-04 23:23:37'),
(82, 2, 34, 1, 1, 1, 1, 0, '2018-02-04 23:23:37'),
(83, 2, 35, 1, 1, 1, 1, 0, '2018-02-04 23:23:37'),
(84, 2, 36, 1, 1, 1, 1, 0, '2018-02-04 23:23:37'),
(85, 1, 37, 1, 1, 1, 1, 0, '2019-01-20 23:22:16'),
(86, 1, 38, 1, 1, 1, 1, 0, '2019-01-22 04:21:23'),
(87, 1, 39, 1, 1, 1, 1, 0, '2019-02-02 06:16:42'),
(88, 1, 40, 1, 1, 1, 1, 0, '2019-02-17 04:19:49'),
(89, 1, 41, 1, 1, 1, 1, 0, '2019-02-17 04:19:49'),
(90, 1, 42, 1, 1, 1, 1, 0, '2019-02-25 06:48:56');

-- --------------------------------------------------------

--
-- Estructura de tabla para la tabla `tbla_adms`
--

CREATE TABLE IF NOT EXISTS `tbla_adms` (
  `id` bigint(20) unsigned NOT NULL AUTO_INCREMENT COMMENT 'Serial de la tabla',
  `adms_nomb` varchar(45) CHARACTER SET utf8 NOT NULL COMMENT 'Nombre del administrador',
  `adms_apll` varchar(45) CHARACTER SET utf8 NOT NULL COMMENT 'Apellido del administrador',
  `adms_sexo` varchar(1) CHARACTER SET utf8 NOT NULL COMMENT 'Sexo del administrador',
  `adms_mail` varchar(65) CHARACTER SET utf8 NOT NULL COMMENT 'Direcci&oacute;n valida de correo electr&oacute;nico',
  `adms_pass` varchar(45) CHARACTER SET utf8 NOT NULL COMMENT 'Clave de acceso al sistema',
  `adms_estd` tinyint(1) NOT NULL COMMENT 'Estado del registro',
  `adms_freg` timestamp NOT NULL DEFAULT CURRENT_TIMESTAMP COMMENT 'Fecha de ingreso del registro',
  PRIMARY KEY (`id`),
  UNIQUE KEY `id_UNIQUE` (`id`),
  UNIQUE KEY `adms_mail_UNIQUE` (`adms_mail`)
) ENGINE=InnoDB  DEFAULT CHARSET=utf8 COLLATE=utf8_bin COMMENT='Administradores' AUTO_INCREMENT=3 ;

--
-- Volcado de datos para la tabla `tbla_adms`
--

INSERT INTO `tbla_adms` (`id`, `adms_nomb`, `adms_apll`, `adms_sexo`, `adms_mail`, `adms_pass`, `adms_estd`, `adms_freg`) VALUES
(1, 'Angel', 'Garcia', 'M', 'angel.j.garcia.m@gmail.com', 'e10adc3949ba59abbe56e057f20f883e', 1, '2015-12-08 20:07:20'),
(2, 'Winder', 'Sanchez', '1', 'wsproducciones21@gmail.com', 'c56d0e9a7ccec67b4ea131655038d604', 0, '2018-02-04 23:21:03');

-- --------------------------------------------------------

--
-- Estructura de tabla para la tabla `tbla_audt`
--

CREATE TABLE IF NOT EXISTS `tbla_audt` (
  `id` bigint(20) unsigned NOT NULL AUTO_INCREMENT COMMENT 'Serial de la tabla',
  `audt_tabl` varchar(9) CHARACTER SET latin1 NOT NULL COMMENT 'Tabla',
  `audt_idrg` int(11) NOT NULL COMMENT 'Registro',
  `audt_adms` int(11) NOT NULL COMMENT 'Usuario',
  `audt_oprc` varchar(1) CHARACTER SET latin1 NOT NULL COMMENT 'Operacion',
  `audt_freg` timestamp NOT NULL DEFAULT CURRENT_TIMESTAMP COMMENT 'Fecha de ingreso del registro',
  PRIMARY KEY (`id`),
  UNIQUE KEY `id` (`id`)
) ENGINE=InnoDB  DEFAULT CHARSET=utf8 COLLATE=utf8_bin COMMENT='Auditor&iacute;a del sistema' AUTO_INCREMENT=877 ;

--
-- Volcado de datos para la tabla `tbla_audt`
--

INSERT INTO `tbla_audt` (`id`, `audt_tabl`, `audt_idrg`, `audt_adms`, `audt_oprc`, `audt_freg`) VALUES
(1, 'tbla_notc', 10, 1, 'I', '2016-06-30 00:32:37'),
(2, 'tbla_clor', 1, 1, 'I', '2016-07-01 00:38:59'),
(3, 'tbla_notc', 10, 1, 'E', '2016-07-04 18:46:21'),
(4, 'tbla_notc', 10, 1, 'E', '2016-07-04 20:08:31'),
(5, 'tbla_notc', 10, 1, 'E', '2016-07-04 20:26:38'),
(6, 'tbla_notc', 10, 1, 'E', '2016-07-04 21:48:50'),
(7, 'tbla_nott', 1, 1, 'I', '2016-07-04 22:45:43'),
(8, 'tbla_nott', 2, 1, 'I', '2016-07-04 22:45:53'),
(9, 'tbla_nott', 3, 1, 'I', '2016-07-04 22:46:05'),
(10, 'tbla_nott', 3, 1, 'E', '2016-07-04 22:48:39'),
(11, 'tbla_infg', 1, 1, 'I', '2016-07-04 23:40:08'),
(12, 'tbla_infg', 1, 1, 'E', '2016-07-04 23:43:14'),
(13, 'tbla_ctpr', 4, 1, 'I', '2016-07-05 15:59:21'),
(14, 'tbla_ctpr', 5, 1, 'I', '2016-07-05 15:59:37'),
(15, 'tbla_ctpr', 6, 1, 'I', '2016-07-05 15:59:53'),
(16, 'tbla_ctpr', 7, 1, 'I', '2016-07-05 16:00:06'),
(17, 'tbla_ctpr', 8, 1, 'I', '2016-07-05 16:00:17'),
(18, 'tbla_ctpr', 9, 1, 'I', '2016-07-05 16:00:29'),
(19, 'tbla_ctpr', 10, 1, 'I', '2016-07-05 16:00:44'),
(20, 'tbla_ctpr', 1, 1, 'I', '2016-07-05 16:03:15'),
(21, 'tbla_ctpr', 2, 1, 'I', '2016-07-05 16:03:28'),
(22, 'tbla_ctpr', 3, 1, 'I', '2016-07-05 16:03:46'),
(23, 'tbla_ctpr', 4, 1, 'I', '2016-07-05 16:04:00'),
(24, 'tbla_ctpr', 5, 1, 'I', '2016-07-05 16:04:14'),
(25, 'tbla_ctpr', 6, 1, 'I', '2016-07-05 16:04:24'),
(26, 'tbla_ctpr', 7, 1, 'I', '2016-07-05 16:04:47'),
(27, 'tbla_pres', 1, 1, 'I', '2016-07-05 21:01:13'),
(28, 'tbla_pres', 2, 1, 'I', '2016-07-05 21:02:03'),
(29, 'tbla_pres', 3, 1, 'I', '2016-07-05 21:02:45'),
(30, 'tbla_pres', 4, 1, 'I', '2016-07-05 21:03:50'),
(31, 'tbla_pres', 5, 1, 'I', '2016-07-05 21:04:38'),
(32, 'tbla_pres', 6, 1, 'I', '2016-07-05 21:05:31'),
(33, 'tbla_prtp', 1, 1, 'I', '2016-07-09 19:33:10'),
(34, 'tbla_prtp', 2, 1, 'I', '2016-07-09 19:33:18'),
(35, 'tbla_prtp', 3, 1, 'I', '2016-07-09 19:33:44'),
(36, 'tbla_sldr', 1, 1, 'I', '2016-07-09 19:41:41'),
(37, 'tbla_sldr', 2, 1, 'I', '2016-07-09 19:41:50'),
(38, 'tbla_sldr', 3, 1, 'I', '2016-07-09 19:41:59'),
(39, 'tbla_pref', 1, 1, 'E', '2016-07-09 19:47:58'),
(40, 'tbla_prod', 1, 1, 'I', '2016-07-09 20:33:17'),
(41, 'tbla_sldr', 3, 1, 'E', '2016-07-09 21:45:02'),
(42, 'tbla_sldr', 3, 1, 'E', '2016-07-09 22:35:51'),
(43, 'tbla_prod', 2, 1, 'I', '2016-07-13 19:39:09'),
(44, 'tbla_prod', 2, 1, 'E', '2016-07-13 19:40:37'),
(45, 'tbla_prod', 2, 1, 'E', '2016-07-13 19:43:22'),
(46, 'tbla_prod', 2, 1, 'E', '2016-07-13 20:10:09'),
(47, 'tbla_prod', 2, 1, 'E', '2016-07-13 20:14:34'),
(48, 'tbla_prod', 2, 1, 'E', '2016-07-13 20:19:08'),
(49, 'tbla_prod', 3, 1, 'I', '2016-07-13 20:35:35'),
(50, 'tbla_prod', 4, 1, 'I', '2016-07-13 20:52:43'),
(51, 'tbla_prod', 5, 1, 'I', '2016-07-13 21:10:42'),
(52, 'tbla_prod', 6, 1, 'I', '2016-07-13 21:26:55'),
(53, 'tbla_prod', 7, 1, 'I', '2016-07-13 21:56:22'),
(54, 'tbla_sldr', 1, 1, 'I', '2016-07-14 21:59:25'),
(55, 'tbla_sldr', 2, 1, 'I', '2016-07-14 21:59:33'),
(56, 'tbla_rdsc', 1, 1, 'I', '2016-07-14 23:00:45'),
(57, 'tbla_rdsc', 2, 1, 'I', '2016-07-14 23:04:27'),
(58, 'tbla_rdsc', 2, 1, 'E', '2016-07-15 16:13:34'),
(59, 'tbla_rdsc', 2, 1, 'E', '2016-07-15 16:15:01'),
(60, 'tbla_rdsc', 2, 1, 'E', '2016-07-15 16:15:35'),
(61, 'tbla_notc', 10, 1, 'E', '2016-07-17 21:49:07'),
(62, 'tbla_notc', 10, 1, 'E', '2016-07-17 22:01:51'),
(63, 'tbla_notc', 10, 1, 'E', '2016-07-17 22:04:26'),
(64, 'tbla_notc', 10, 1, 'E', '2016-07-17 22:05:52'),
(65, 'tbla_notc', 10, 1, 'E', '2016-07-17 22:06:05'),
(66, 'tbla_notc', 10, 1, 'E', '2016-07-17 22:06:18'),
(67, 'tbla_notc', 10, 1, 'E', '2016-07-17 22:06:31'),
(68, 'tbla_notc', 10, 1, 'E', '2016-07-17 23:19:31'),
(69, 'tbla_notc', 10, 1, 'E', '2016-07-17 23:22:02'),
(70, 'tbla_notc', 10, 1, 'E', '2016-07-17 23:22:33'),
(71, 'tbla_qmos', 1, 1, 'I', '2016-07-18 00:22:59'),
(72, 'tbla_qmos', 1, 1, 'E', '2016-07-18 00:58:26'),
(73, 'tbla_infg', 1, 1, 'E', '2016-07-19 16:45:34'),
(74, 'tbla_infg', 1, 1, 'E', '2016-07-19 19:21:56'),
(75, 'tbla_infg', 1, 1, 'E', '2016-07-19 19:26:16'),
(76, 'tbla_notc', 10, 1, 'E', '2016-07-19 20:00:56'),
(77, 'tbla_notc', 10, 1, 'E', '2016-07-19 20:07:26'),
(78, 'tbla_qmos', 1, 1, 'E', '2016-07-19 22:14:43'),
(79, 'tbla_notc', 10, 1, 'E', '2016-07-20 16:34:33'),
(80, 'tbla_qmos', 1, 1, 'E', '2016-07-20 20:05:56'),
(81, 'tbla_qmos', 1, 1, 'E', '2016-07-20 20:15:43'),
(82, 'tbla_dist', 1, 1, 'I', '2016-07-26 16:09:12'),
(83, 'tbla_sucr', 1, 1, 'I', '2016-07-26 19:23:32'),
(84, 'tbla_dist', 2, 1, 'I', '2016-07-26 19:24:06'),
(85, 'tbla_dist', 3, 1, 'I', '2016-07-26 19:24:30'),
(86, 'tbla_dist', 4, 1, 'I', '2016-07-26 19:25:32'),
(87, 'tbla_dist', 5, 1, 'I', '2016-07-26 19:25:52'),
(88, 'tbla_dist', 6, 1, 'I', '2016-07-26 19:26:14'),
(89, 'tbla_dist', 7, 1, 'I', '2016-07-26 19:26:34'),
(90, 'tbla_dist', 8, 1, 'I', '2016-07-26 19:26:59'),
(91, 'tbla_dist', 9, 1, 'I', '2016-07-26 19:27:34'),
(92, 'tbla_dist', 10, 1, 'I', '2016-07-26 19:27:53'),
(93, 'tbla_sucr', 2, 1, 'I', '2016-07-26 19:30:04'),
(94, 'tbla_sucr', 2, 1, 'E', '2016-07-26 19:39:26'),
(95, 'tbla_sucr', 2, 1, 'E', '2016-07-26 19:39:38'),
(96, 'tbla_sucr', 2, 1, 'E', '2016-07-26 19:40:46'),
(97, 'tbla_sucr', 3, 1, 'I', '2016-07-26 19:46:20'),
(98, 'tbla_sucr', 4, 1, 'I', '2016-07-26 19:48:00'),
(99, 'tbla_sucr', 5, 1, 'I', '2016-07-26 19:50:39'),
(100, 'tbla_sucr', 6, 1, 'I', '2016-07-26 19:52:41'),
(101, 'tbla_sucr', 7, 1, 'I', '2016-07-26 19:54:21'),
(102, 'tbla_sucr', 8, 1, 'I', '2016-07-26 19:56:55'),
(103, 'tbla_sucr', 9, 1, 'I', '2016-07-26 19:59:34'),
(104, 'tbla_sucr', 10, 1, 'I', '2016-07-26 20:01:59'),
(105, 'tbla_sucr', 11, 1, 'I', '2016-07-26 20:04:46'),
(106, 'tbla_sucr', 13, 1, 'I', '2016-07-26 20:11:06'),
(107, 'tbla_sucr', 14, 1, 'I', '2016-07-26 20:13:22'),
(108, 'tbla_sucr', 15, 1, 'I', '2016-07-26 20:19:13'),
(109, 'tbla_sucr', 16, 1, 'I', '2016-07-26 20:21:00'),
(110, 'tbla_avso', 0, 1, 'E', '2016-07-28 15:22:05'),
(111, 'tbla_avso', 1, 1, 'I', '2016-07-28 15:28:06'),
(112, 'tbla_cont', 1, 1, 'I', '2016-07-28 20:26:46'),
(113, 'tbla_cont', 2, 1, 'I', '2016-07-28 20:29:43'),
(114, 'tbla_pref', 1, 1, 'E', '2016-07-30 18:37:21'),
(115, 'tbla_pref', 1, 1, 'E', '2016-07-30 19:33:01'),
(116, 'tbla_prod', 8, 1, 'E', '2016-07-31 23:45:09'),
(117, 'tbla_prod', 8, 1, 'E', '2016-07-31 23:46:01'),
(118, 'tbla_prod', 8, 1, 'E', '2016-08-01 20:35:06'),
(119, 'tbla_prod', 8, 1, 'E', '2016-08-01 20:36:42'),
(120, 'tbla_prod', 8, 1, 'E', '2016-08-01 20:40:47'),
(121, 'tbla_prod', 8, 1, 'E', '2016-08-01 20:41:41'),
(122, 'tbla_prod', 8, 1, 'E', '2016-08-01 20:42:43'),
(123, 'tbla_prod', 8, 1, 'E', '2016-08-01 20:43:42'),
(124, 'tbla_prod', 8, 1, 'E', '2016-08-01 20:48:18'),
(125, 'tbla_rdsc', 3, 1, 'I', '2016-08-01 20:54:52'),
(126, 'tbla_rdsc', 3, 1, 'E', '2016-08-01 21:06:32'),
(127, 'tbla_rdsc', 3, 1, 'E', '2016-08-01 21:07:33'),
(128, 'tbla_prod', 8, 1, 'E', '2016-08-01 21:11:45'),
(129, 'tbla_prod', 8, 1, 'E', '2016-08-01 21:12:51'),
(130, 'tbla_prod', 8, 1, 'E', '2016-08-01 21:13:48'),
(131, 'tbla_prod', 8, 1, 'E', '2016-08-01 21:14:36'),
(132, 'tbla_prod', 8, 1, 'E', '2016-08-01 21:15:28'),
(133, 'tbla_rdsc', 3, 1, 'E', '2016-08-01 21:18:11'),
(134, 'tbla_qmos', 1, 1, 'E', '2016-08-01 21:25:31'),
(135, 'tbla_ctgn', 6, 1, 'E', '2016-08-01 21:46:17'),
(136, 'tbla_ctgn', 6, 1, 'E', '2016-08-01 21:46:38'),
(137, 'tbla_ctgn', 6, 1, 'E', '2016-08-01 21:46:57'),
(138, 'tbla_ctgn', 6, 1, 'E', '2016-08-01 21:47:28'),
(139, 'tbla_ctgn', 6, 1, 'E', '2016-08-01 21:48:17'),
(140, 'tbla_ctgn', 6, 1, 'E', '2016-08-01 21:48:29'),
(141, 'tbla_ctgn', 6, 1, 'E', '2016-08-01 21:48:42'),
(142, 'tbla_dist', 11, 1, 'I', '2016-08-01 21:54:48'),
(143, 'tbla_notc', 1, 1, 'I', '2016-08-01 21:54:51'),
(144, 'tbla_dist', 12, 1, 'I', '2016-08-01 21:55:09'),
(145, 'tbla_dist', 13, 1, 'I', '2016-08-01 21:55:56'),
(146, 'tbla_notc', 1, 1, 'E', '2016-08-01 21:57:01'),
(147, 'tbla_notc', 1, 1, 'E', '2016-08-01 21:57:15'),
(148, 'tbla_notc', 2, 1, 'I', '2016-08-01 22:09:25'),
(149, 'tbla_sucr', 17, 1, 'I', '2016-08-01 22:18:27'),
(150, 'tbla_sucr', 18, 1, 'I', '2016-08-01 22:19:28'),
(151, 'tbla_sucr', 19, 1, 'I', '2016-08-01 22:20:19'),
(152, 'tbla_sucr', 20, 1, 'I', '2016-08-01 22:21:06'),
(153, 'tbla_sucr', 21, 1, 'I', '2016-08-01 22:21:54'),
(154, 'tbla_sucr', 22, 1, 'I', '2016-08-01 22:22:41'),
(155, 'tbla_notc', 3, 1, 'I', '2016-08-01 22:28:23'),
(156, 'tbla_sucr', 24, 1, 'I', '2016-08-01 22:28:45'),
(157, 'tbla_pref', 1, 1, 'E', '2016-08-01 23:06:55'),
(158, 'tbla_sucr', 25, 1, 'I', '2016-08-01 23:16:12'),
(159, 'tbla_prod', 8, 1, 'E', '2016-08-01 23:21:19'),
(160, 'tbla_avso', 1, 1, 'E', '2016-08-01 23:22:08'),
(161, 'tbla_cont', 2, 1, 'E', '2016-08-02 16:16:25'),
(162, 'tbla_secc', 1, 1, 'I', '2016-08-06 00:34:41'),
(163, 'tbla_mdlo', 1, 1, 'I', '2016-08-06 00:42:42'),
(164, 'tbla_mdlo', 1, 1, 'E', '2016-08-06 00:45:20'),
(165, 'tbla_mdlo', 2, 1, 'I', '2016-08-06 17:31:25'),
(166, 'tbla_mdlo', 3, 1, 'I', '2016-08-06 17:34:57'),
(167, 'tbla_mdlo', 4, 1, 'I', '2016-08-06 17:40:32'),
(168, 'tbla_mdlo', 4, 1, 'E', '2016-08-09 19:10:33'),
(169, 'tbla_mdlo', 4, 1, 'E', '2016-08-09 19:10:45'),
(170, 'tbla_mdlo', 4, 1, 'E', '2016-08-09 19:10:57'),
(171, 'tbla_mdlo', 5, 1, 'I', '2016-08-09 20:03:28'),
(172, 'tbla_secc', 1, 1, 'E', '2016-08-09 20:10:46'),
(173, 'tbla_secc', 2, 1, 'I', '2016-08-09 20:11:13'),
(174, 'tbla_mdlo', 6, 1, 'I', '2016-08-09 20:16:40'),
(175, 'tbla_mdlo', 6, 1, 'E', '2016-08-09 20:21:59'),
(176, 'tbla_mdlo', 6, 1, 'E', '2016-08-09 20:23:37'),
(177, 'tbla_mdlo', 7, 1, 'I', '2016-08-09 20:31:38'),
(178, 'tbla_pref', 1, 1, 'E', '2016-08-09 20:37:41'),
(179, 'tbla_mdlo', 8, 1, 'I', '2016-08-09 20:44:59'),
(180, 'tbla_mdlo', 9, 1, 'I', '2016-08-09 20:50:10'),
(181, 'tbla_mdlo', 10, 1, 'I', '2016-08-09 20:55:44'),
(182, 'tbla_bltn', 1, 1, 'D', '2016-08-09 20:57:06'),
(183, 'tbla_bltn', 2, 1, 'D', '2016-08-09 20:59:13'),
(184, 'tbla_mdlo', 11, 1, 'I', '2016-08-10 15:38:38'),
(185, 'tbla_prod', 9, 1, 'I', '2016-08-10 16:21:25'),
(186, 'tbla_mdlo', 11, 1, 'E', '2016-08-10 16:28:29'),
(187, 'tbla_mdlo', 12, 1, 'I', '2016-08-10 19:38:54'),
(188, 'tbla_mdlo', 13, 1, 'I', '2016-08-10 19:39:34'),
(189, 'tbla_mdlo', 14, 1, 'I', '2016-08-10 19:42:27'),
(190, 'tbla_mdlo', 15, 1, 'I', '2016-08-10 19:48:14'),
(191, 'tbla_mdlo', 16, 1, 'I', '2016-08-10 19:49:11'),
(192, 'tbla_mdlo', 16, 1, 'E', '2016-08-10 19:50:52'),
(193, 'tbla_mdlo', 16, 1, 'E', '2016-08-10 19:51:44'),
(194, 'tbla_mdlo', 16, 1, 'E', '2016-08-10 19:53:58'),
(195, 'tbla_mdlo', 17, 1, 'I', '2016-08-10 19:54:47'),
(196, 'tbla_cont', 2, 1, 'E', '2016-08-10 19:58:40'),
(197, 'tbla_cont', 2, 1, 'E', '2016-08-10 20:10:31'),
(198, 'tbla_prod', 9, 1, 'E', '2016-08-10 20:30:33'),
(199, 'tbla_prod', 9, 1, 'E', '2016-08-10 20:31:07'),
(200, 'tbla_prod', 9, 1, 'E', '2016-08-10 20:32:07'),
(201, 'tbla_prod', 9, 1, 'E', '2016-08-10 20:33:01'),
(202, 'tbla_prod', 9, 1, 'E', '2016-08-10 20:33:40'),
(203, 'tbla_prod', 9, 1, 'E', '2016-08-10 20:34:17'),
(204, 'tbla_prod', 9, 1, 'E', '2016-08-10 20:35:07'),
(205, 'tbla_prod', 9, 1, 'E', '2016-08-10 20:36:12'),
(206, 'tbla_prod', 9, 1, 'E', '2016-08-10 20:36:47'),
(207, 'tbla_adms', 2, 1, 'I', '2016-08-10 21:13:01'),
(208, 'tbla_adms', 2, 1, 'E', '2016-08-10 21:24:15'),
(209, 'tbla_adms', 3, 1, 'I', '2016-08-10 21:54:43'),
(210, 'tbla_pref', 1, 1, 'E', '2016-08-10 22:00:38'),
(211, 'tbla_mdlo', 18, 1, 'I', '2016-08-10 22:16:15'),
(212, 'tbla_mdlo', 19, 1, 'I', '2016-08-10 22:18:54'),
(213, 'tbla_mdlo', 20, 1, 'I', '2016-08-10 22:19:41'),
(214, 'tbla_mdlo', 21, 1, 'I', '2016-08-10 22:20:44'),
(215, 'tbla_mdlo', 22, 1, 'I', '2016-08-10 22:22:16'),
(216, 'tbla_mdlo', 23, 1, 'I', '2016-08-10 22:26:10'),
(217, 'tbla_mdlo', 24, 1, 'I', '2016-08-10 22:27:14'),
(218, 'tbla_mdlo', 24, 1, 'E', '2016-08-10 22:43:32'),
(219, 'tbla_mdlo', 24, 1, 'E', '2016-08-10 22:56:43'),
(220, 'tbla_mdlo', 24, 1, 'E', '2016-08-10 22:57:26'),
(221, 'tbla_mdlo', 25, 1, 'I', '2016-08-19 20:59:39'),
(222, 'tbla_ctpr', 7, 1, 'E', '2016-08-19 21:00:46'),
(223, 'tbla_ctpr', 7, 1, 'E', '2016-08-19 21:01:01'),
(224, 'tbla_lnea', 1, 1, 'I', '2016-08-19 21:01:51'),
(225, 'tbla_mdlo', 26, 1, 'I', '2016-08-19 21:44:35'),
(226, 'tbla_modl', 1, 1, 'I', '2016-08-19 21:52:41'),
(227, 'tbla_lnea', 5, 1, 'I', '2016-08-21 21:48:11'),
(228, 'tbla_lnea', 6, 1, 'I', '2016-08-21 21:48:49'),
(229, 'tbla_lnea', 7, 1, 'I', '2016-08-21 21:49:12'),
(230, 'tbla_lnea', 8, 1, 'I', '2016-08-21 21:49:37'),
(231, 'tbla_lnea', 9, 1, 'I', '2016-08-21 21:50:48'),
(232, 'tbla_lnea', 10, 1, 'I', '2016-08-21 21:55:10'),
(233, 'tbla_lnea', 11, 1, 'I', '2016-08-21 21:55:30'),
(234, 'tbla_modl', 2, 1, 'I', '2016-08-21 22:00:14'),
(235, 'tbla_modl', 3, 1, 'I', '2016-08-21 22:00:35'),
(236, 'tbla_modl', 4, 1, 'I', '2016-08-21 22:00:46'),
(237, 'tbla_modl', 5, 1, 'I', '2016-08-21 22:01:01'),
(238, 'tbla_modl', 6, 1, 'I', '2016-08-21 22:01:13'),
(239, 'tbla_modl', 7, 1, 'I', '2016-08-21 22:01:33'),
(240, 'tbla_modl', 8, 1, 'I', '2016-08-21 22:01:45'),
(241, 'tbla_modl', 9, 1, 'I', '2016-08-21 22:02:43'),
(242, 'tbla_modl', 10, 1, 'I', '2016-08-21 22:02:58'),
(243, 'tbla_modl', 11, 1, 'I', '2016-08-21 22:03:12'),
(244, 'tbla_modl', 12, 1, 'I', '2016-08-21 22:03:47'),
(245, 'tbla_modl', 13, 1, 'I', '2016-08-21 22:04:04'),
(246, 'tbla_modl', 14, 1, 'I', '2016-08-21 22:04:15'),
(247, 'tbla_modl', 15, 1, 'I', '2016-08-21 22:04:26'),
(248, 'tbla_modl', 16, 1, 'I', '2016-08-21 22:04:42'),
(249, 'tbla_modl', 17, 1, 'I', '2016-08-21 22:04:53'),
(250, 'tbla_modl', 18, 1, 'I', '2016-08-21 22:05:09'),
(251, 'tbla_prod', 9, 1, 'E', '2016-08-22 21:13:53'),
(252, 'tbla_prod', 9, 1, 'E', '2016-08-22 21:17:46'),
(253, 'tbla_prod', 9, 1, 'E', '2016-08-22 21:18:28'),
(254, 'tbla_prod', 9, 1, 'E', '2016-08-22 21:18:55'),
(255, 'tbla_prod', 9, 1, 'E', '2016-08-22 21:20:24'),
(256, 'tbla_lnea', 7, 1, 'E', '2016-08-22 21:20:42'),
(257, 'tbla_lnea', 7, 1, 'E', '2016-08-22 21:20:50'),
(258, 'tbla_lnea', 7, 1, 'E', '2016-08-22 21:23:00'),
(259, 'tbla_lnea', 7, 1, 'E', '2016-08-22 21:23:07'),
(260, 'tbla_lnea', 7, 1, 'E', '2016-08-22 21:24:11'),
(261, 'tbla_lnea', 7, 1, 'E', '2016-08-22 21:24:16'),
(262, 'tbla_lnea', 7, 1, 'E', '2016-08-22 21:24:37'),
(263, 'tbla_lnea', 7, 1, 'E', '2016-08-22 21:24:41'),
(264, 'tbla_lnea', 7, 1, 'E', '2016-08-22 21:24:55'),
(265, 'tbla_lnea', 7, 1, 'E', '2016-08-22 21:24:59'),
(266, 'tbla_lnea', 7, 1, 'E', '2016-08-22 21:25:17'),
(267, 'tbla_lnea', 7, 1, 'E', '2016-08-22 21:25:22'),
(268, 'tbla_prod', 9, 1, 'E', '2016-08-22 21:25:52'),
(269, 'tbla_prod', 9, 1, 'E', '2016-08-22 21:27:01'),
(270, 'tbla_prod', 9, 1, 'E', '2016-08-22 21:30:19'),
(271, 'tbla_prod', 9, 1, 'E', '2016-08-22 21:31:48'),
(272, 'tbla_modl', 19, 1, 'I', '2016-08-22 21:38:43'),
(273, 'tbla_prod', 9, 1, 'E', '2016-08-22 21:39:16'),
(274, 'tbla_prod', 9, 1, 'E', '2016-08-22 21:39:39'),
(275, 'tbla_prod', 9, 1, 'E', '2016-08-22 21:40:04'),
(276, 'tbla_prod', 9, 1, 'E', '2016-08-22 21:40:26'),
(277, 'tbla_prod', 9, 1, 'E', '2016-08-22 21:41:33'),
(278, 'tbla_prod', 9, 1, 'E', '2016-08-22 21:41:53'),
(279, 'tbla_ctpr', 2, 1, 'D', '2016-09-09 01:29:50'),
(280, 'tbla_ctpr', 3, 1, 'I', '2016-09-09 01:31:40'),
(281, 'tbla_ctpr', 3, 1, 'D', '2016-09-09 01:31:48'),
(282, 'tbla_ctpr', 4, 1, 'I', '2016-09-09 01:32:04'),
(283, 'tbla_ctpr', 4, 1, 'D', '2016-09-09 01:32:11'),
(284, 'tbla_ctpr', 4, 1, 'D', '2016-09-09 01:33:02'),
(285, 'tbla_ctpr', 5, 1, 'I', '2016-09-09 01:33:09'),
(286, 'tbla_ctpr', 5, 1, 'D', '2016-09-09 01:33:18'),
(287, 'tbla_lnea', 8, 1, 'I', '2016-09-09 01:33:46'),
(288, 'tbla_lnea', 8, 1, 'D', '2016-09-09 01:33:54'),
(289, 'tbla_mdlo', 27, 1, 'I', '2016-09-09 01:52:53'),
(290, 'tbla_mdlo', 27, 1, 'D', '2016-09-09 01:53:37'),
(291, 'tbla_mdlo', 27, 1, 'I', '2016-09-16 02:35:26'),
(292, 'tbla_dimp', 1, 1, 'I', '2016-09-16 04:19:52'),
(293, 'tbla_dimp', 2, 1, 'I', '2016-09-16 04:21:42'),
(294, 'tbla_dimp', 3, 1, 'I', '2016-09-16 04:41:07'),
(295, 'tbla_dimp', 4, 1, 'I', '2016-09-16 04:45:48'),
(296, 'tbla_dimp', 5, 1, 'I', '2016-09-16 04:50:29'),
(297, 'tbla_dimp', 6, 1, 'I', '2016-09-16 04:56:05'),
(298, 'tbla_dimp', 7, 1, 'I', '2016-09-16 05:02:21'),
(299, 'tbla_dimp', 7, 1, 'E', '2016-09-16 05:30:48'),
(300, 'tbla_dimp', 7, 1, 'E', '2016-09-16 05:31:54'),
(301, 'tbla_dimp', 7, 1, 'E', '2016-09-16 05:33:09'),
(302, 'tbla_dimp', 7, 1, 'E', '2016-09-16 05:35:07'),
(303, 'tbla_dimp', 7, 1, 'E', '2016-09-16 05:35:54'),
(304, 'tbla_dimp', 7, 1, 'E', '2016-09-16 05:37:24'),
(305, 'tbla_dimp', 7, 1, 'E', '2016-09-16 05:38:13'),
(306, 'tbla_mdlo', 28, 1, 'I', '2016-09-21 18:40:28'),
(307, 'tbla_secc', 3, 1, 'I', '2016-09-21 18:51:18'),
(308, 'tbla_secc', 4, 1, 'I', '2016-09-21 18:51:29'),
(309, 'tbla_secc', 5, 1, 'I', '2016-09-21 18:51:41'),
(310, 'tbla_secc', 6, 1, 'I', '2016-09-21 18:51:50'),
(311, 'tbla_mdlo', 28, 1, 'E', '2016-09-21 18:52:30'),
(312, 'tbla_mdlo', 28, 1, 'E', '2016-09-21 18:53:13'),
(313, 'tbla_mdlo', 28, 1, 'E', '2016-09-21 18:54:18'),
(314, 'tbla_cntm', 0, 1, 'E', '2016-09-21 18:55:46'),
(315, 'tbla_cntm', 0, 1, 'E', '2016-09-21 18:56:11'),
(316, 'tbla_cntm', 0, 1, 'E', '2016-09-21 18:56:58'),
(317, 'tbla_cntm', 0, 1, 'E', '2016-09-21 18:57:51'),
(318, 'tbla_cntm', 0, 1, 'E', '2016-09-21 18:59:29'),
(319, 'tbla_cntm', 0, 1, 'E', '2016-09-21 19:00:25'),
(320, 'tbla_cntm', 0, 1, 'E', '2016-09-21 19:01:50'),
(321, 'tbla_cntm', 0, 1, 'E', '2016-09-21 19:03:54'),
(322, 'tbla_cntm', 1, 1, 'E', '2016-09-21 19:05:35'),
(323, 'tbla_cntm', 1, 1, 'E', '2016-09-21 19:05:41'),
(324, 'tbla_cntm', 1, 1, 'E', '2016-09-21 19:05:46'),
(325, 'tbla_cntm', 1, 1, 'E', '2016-09-21 19:05:50'),
(326, 'tbla_cntm', 1, 1, 'E', '2016-09-21 19:05:54'),
(327, 'tbla_pref', 1, 1, 'E', '2016-09-21 20:04:06'),
(328, 'tbla_sldr', 2, 1, 'E', '2016-10-06 23:27:41'),
(329, 'tbla_sldr', 2, 1, 'E', '2016-10-06 23:27:53'),
(330, 'tbla_notc', 3, 1, 'E', '2016-10-12 20:12:33'),
(331, 'tbla_pref', 1, 1, 'E', '2017-01-20 19:12:48'),
(332, 'tbla_pref', 1, 1, 'E', '2017-01-20 19:28:32'),
(333, 'tbla_cont', 1, 1, 'D', '2017-01-21 02:03:29'),
(334, 'tbla_cont', 1, 1, 'E', '2017-01-21 02:29:24'),
(335, 'tbla_pref', 1, 1, 'E', '2017-01-22 19:48:40'),
(336, 'tbla_pref', 1, 1, 'E', '2017-01-22 19:55:01'),
(337, 'tbla_pref', 1, 1, 'E', '2017-01-22 20:03:20'),
(338, 'tbla_rdsc', 3, 1, 'E', '2017-01-22 20:28:49'),
(339, 'tbla_rdsc', 3, 1, 'E', '2017-01-22 21:09:08'),
(340, 'tbla_rdsc', 3, 1, 'E', '2017-01-22 21:09:32'),
(341, 'tbla_rdsc', 4, 1, 'I', '2017-01-22 21:53:45'),
(342, 'tbla_cont', 1, 1, 'E', '2017-01-22 22:56:30'),
(343, 'tbla_cont', 1, 1, 'E', '2017-01-22 23:19:39'),
(344, 'tbla_cont', 1, 1, 'E', '2017-01-23 00:16:51'),
(345, 'tbla_pref', 1, 1, 'E', '2017-02-01 17:08:21'),
(346, 'tbla_cont', 1, 1, 'E', '2017-02-01 17:14:24'),
(347, 'tbla_notc', 4, 1, 'I', '2017-02-01 18:31:08'),
(348, 'tbla_notc', 4, 1, 'E', '2017-02-01 21:36:57'),
(349, 'tbla_notc', 4, 1, 'E', '2017-02-01 21:37:44'),
(350, 'tbla_notc', 4, 1, 'E', '2017-02-01 21:58:58'),
(351, 'tbla_notc', 4, 1, 'E', '2017-02-01 22:04:23'),
(352, 'tbla_notc', 4, 1, 'E', '2017-02-03 00:36:16'),
(353, 'tbla_notc', 4, 1, 'E', '2017-02-03 01:01:40'),
(354, 'tbla_notc', 4, 1, 'E', '2017-02-03 02:09:46'),
(355, 'tbla_notc', 4, 1, 'E', '2017-02-03 02:45:14'),
(356, 'tbla_pref', 1, 1, 'E', '2017-02-03 02:50:08'),
(357, 'tbla_adms', 3, 1, 'D', '2017-02-05 19:51:44'),
(358, 'tbla_adms', 2, 1, 'D', '2017-02-05 19:51:48'),
(359, 'tbla_mdlo', 29, 1, 'I', '2017-02-05 20:05:23'),
(360, 'tbla_mdlo', 30, 1, 'I', '2017-02-05 20:12:57'),
(361, 'tbla_notc', 4, 1, 'E', '2017-02-05 21:26:36'),
(362, 'tbla_notc', 4, 1, 'E', '2017-02-05 21:27:30'),
(363, 'tbla_notc', 4, 1, 'E', '2017-02-05 21:27:49'),
(364, 'tbla_dtvt', 1, 1, 'I', '2017-02-05 21:36:44'),
(365, 'tbla_dtvt', 2, 1, 'I', '2017-02-05 21:37:18'),
(366, 'tbla_dtva', 6, 1, 'I', '2017-02-05 21:58:07'),
(367, 'tbla_pref', 1, 1, 'E', '2017-02-17 00:42:08'),
(368, 'tbla_rdsc', 4, 1, 'E', '2017-02-18 13:55:51'),
(369, 'tbla_rdsc', 4, 1, 'E', '2017-02-18 13:56:08'),
(370, 'tbla_rdsc', 4, 1, 'E', '2017-02-18 13:56:18'),
(371, 'tbla_rdsc', 4, 1, 'E', '2017-02-18 13:56:43'),
(372, 'tbla_rdsc', 4, 1, 'E', '2017-02-18 13:58:08'),
(373, 'tbla_notc', 4, 1, 'E', '2017-02-18 16:37:56'),
(374, 'tbla_notc', 4, 1, 'E', '2017-02-18 22:31:57'),
(375, 'tbla_notc', 4, 1, 'E', '2017-02-18 22:41:55'),
(376, 'tbla_pref', 1, 1, 'E', '2017-02-19 22:17:19'),
(377, 'tbla_pref', 1, 1, 'E', '2017-02-19 22:19:54'),
(378, 'tbla_pref', 1, 1, 'E', '2017-02-19 22:21:31'),
(379, 'tbla_pref', 1, 1, 'E', '2017-02-19 22:25:17'),
(380, 'tbla_pref', 1, 1, 'E', '2017-02-19 22:26:01'),
(381, 'tbla_pref', 1, 1, 'E', '2017-02-19 22:27:27'),
(382, 'tbla_mdlo', 30, 1, 'E', '2017-02-19 23:06:51'),
(383, 'tbla_mdlo', 30, 1, 'E', '2017-02-19 23:07:11'),
(384, 'tbla_mdlo', 30, 1, 'E', '2017-02-19 23:07:27'),
(385, 'tbla_ctgn', 6, 1, 'E', '2017-02-19 23:10:59'),
(386, 'tbla_ctgn', 6, 1, 'E', '2017-02-19 23:12:04'),
(387, 'tbla_ctgn', 6, 1, 'E', '2017-02-19 23:12:25'),
(388, 'tbla_ctgn', 6, 1, 'E', '2017-02-19 23:12:34'),
(389, 'tbla_ctgn', 6, 1, 'E', '2017-02-19 23:13:04'),
(390, 'tbla_ctgn', 6, 1, 'E', '2017-02-19 23:13:16'),
(391, 'tbla_notc', 4, 1, 'E', '2017-02-19 23:18:08'),
(392, 'tbla_notc', 4, 1, 'E', '2017-02-19 23:18:53'),
(393, 'tbla_notc', 4, 1, 'E', '2017-02-19 23:23:58'),
(394, 'tbla_notc', 4, 1, 'E', '2017-02-19 23:30:39'),
(395, 'tbla_notc', 5, 1, 'I', '2017-02-19 23:33:17'),
(396, 'tbla_notc', 6, 1, 'I', '2017-02-19 23:36:11'),
(397, 'tbla_notc', 7, 1, 'I', '2017-02-19 23:38:26'),
(398, 'tbla_notc', 7, 1, 'E', '2017-02-19 23:50:38'),
(399, 'tbla_notc', 7, 1, 'E', '2017-02-19 23:51:25'),
(400, 'tbla_pref', 1, 1, 'E', '2017-02-20 00:23:44'),
(401, 'tbla_pref', 1, 1, 'E', '2017-02-27 00:44:31'),
(402, 'tbla_cont', 1, 1, 'E', '2017-02-27 01:30:10'),
(403, 'tbla_cont', 1, 1, 'E', '2017-02-27 01:33:43'),
(404, 'tbla_notc', 7, 1, 'E', '2017-02-27 18:49:15'),
(405, 'tbla_notc', 7, 1, 'E', '2017-02-27 19:01:44'),
(406, 'tbla_notc', 7, 1, 'E', '2017-02-28 02:33:19'),
(407, 'tbla_mdlo', 31, 1, 'I', '2017-03-05 19:53:44'),
(408, 'tbla_vlrs', 1, 1, 'I', '2017-03-05 19:59:03'),
(409, 'tbla_vlrs', 2, 1, 'I', '2017-03-05 20:02:55'),
(410, 'tbla_vlrs', 3, 1, 'I', '2017-03-05 20:12:32'),
(411, 'tbla_vlrs', 4, 1, 'I', '2017-03-05 20:16:41'),
(412, 'tbla_vlrs', 5, 1, 'I', '2017-03-05 20:27:19'),
(413, 'tbla_vlrs', 6, 1, 'I', '2017-03-05 20:30:57'),
(414, 'tbla_vlrs', 7, 1, 'I', '2017-03-05 20:36:49'),
(415, 'tbla_vlrs', 8, 1, 'I', '2017-03-05 20:40:25'),
(416, 'tbla_vlrs', 9, 1, 'I', '2017-03-05 20:47:11'),
(417, 'tbla_vlrs', 10, 1, 'I', '2017-03-05 20:53:27'),
(418, 'tbla_vlrs', 11, 1, 'I', '2017-03-05 21:11:58'),
(419, 'tbla_vlrs', 12, 1, 'I', '2017-03-05 21:17:05'),
(420, 'tbla_vlrs', 13, 1, 'I', '2017-03-05 21:19:28'),
(421, 'tbla_vlrs', 14, 1, 'I', '2017-03-05 21:21:06'),
(422, 'tbla_vlrs', 15, 1, 'I', '2017-03-05 21:26:38'),
(423, 'tbla_vlrs', 16, 1, 'I', '2017-03-05 21:27:45'),
(424, 'tbla_qmos', 1, 1, 'E', '2017-03-05 22:03:06'),
(425, 'tbla_qmos', 1, 1, 'E', '2017-03-05 22:04:18'),
(426, 'tbla_qmos', 1, 1, 'E', '2017-03-05 22:42:13'),
(427, 'tbla_qmos', 1, 1, 'E', '2017-03-05 22:53:34'),
(428, 'tbla_qmos', 1, 1, 'E', '2017-03-05 23:00:31'),
(429, 'tbla_qmos', 1, 1, 'E', '2017-03-05 23:44:26'),
(430, 'tbla_ctgn', 6, 1, 'E', '2017-03-06 00:00:29'),
(431, 'tbla_ctgn', 5, 1, 'D', '2017-03-06 00:00:39'),
(432, 'tbla_ctgn', 4, 1, 'D', '2017-03-06 00:00:42'),
(433, 'tbla_ctgn', 3, 1, 'D', '2017-03-06 00:00:46'),
(434, 'tbla_ctgn', 2, 1, 'D', '2017-03-06 00:00:49'),
(435, 'tbla_ctgn', 1, 1, 'D', '2017-03-06 00:00:52'),
(436, 'tbla_notc', 6, 1, 'E', '2017-03-06 00:08:23'),
(437, 'tbla_notc', 6, 1, 'E', '2017-03-06 00:19:30'),
(438, 'tbla_notc', 6, 1, 'E', '2017-03-06 00:23:09'),
(439, 'tbla_notc', 1, 1, 'D', '2017-03-06 00:23:18'),
(440, 'tbla_mdlo', 32, 1, 'I', '2017-04-02 22:52:36'),
(441, 'tbla_fltl', 1, 1, 'I', '2017-04-02 22:54:25'),
(442, 'tbla_fltl', 2, 1, 'I', '2017-04-02 22:55:19'),
(443, 'tbla_fltl', 3, 1, 'I', '2017-04-02 22:55:45'),
(444, 'tbla_mdlo', 33, 1, 'I', '2017-04-02 23:03:02'),
(445, 'tbla_fltt', 1, 1, 'I', '2017-04-02 23:10:25'),
(446, 'tbla_fltt', 2, 1, 'I', '2017-04-02 23:10:54'),
(447, 'tbla_fltt', 2, 1, 'E', '2017-04-02 23:11:04'),
(448, 'tbla_fltt', 3, 1, 'I', '2017-04-02 23:11:30'),
(449, 'tbla_fltt', 4, 1, 'I', '2017-04-02 23:11:55'),
(450, 'tbla_fltt', 5, 1, 'I', '2017-04-02 23:13:14'),
(451, 'tbla_fltt', 6, 1, 'I', '2017-04-02 23:13:50'),
(452, 'tbla_fltt', 7, 1, 'I', '2017-04-02 23:14:10'),
(453, 'tbla_fltt', 8, 1, 'I', '2017-04-02 23:14:32'),
(454, 'tbla_fltt', 8, 1, 'E', '2017-04-02 23:15:46'),
(455, 'tbla_mdlo', 34, 1, 'I', '2017-04-03 00:11:28'),
(456, 'tbla_fltc', 1, 1, 'I', '2017-04-03 00:20:04'),
(457, 'tbla_fltc', 2, 1, 'I', '2017-04-03 00:20:19'),
(458, 'tbla_fltc', 2, 1, 'E', '2017-04-03 00:20:54'),
(459, 'tbla_mdlo', 35, 1, 'I', '2017-04-03 00:59:59'),
(460, 'tbla_fltr', 1, 1, 'I', '2017-04-13 21:08:00'),
(461, 'tbla_fltr', 1, 1, 'E', '2017-04-13 21:46:14'),
(462, 'tbla_fltr', 3, 1, 'I', '2017-04-13 22:44:27'),
(463, 'tbla_fltr', 4, 1, 'I', '2017-04-13 22:49:34'),
(464, 'tbla_fltr', 5, 1, 'I', '2017-04-13 23:12:10'),
(465, 'tbla_fltr', 6, 1, 'I', '2017-04-13 23:16:04'),
(466, 'tbla_fltr', 7, 1, 'I', '2017-04-13 23:19:32'),
(467, 'tbla_fltr', 7, 1, 'E', '2017-04-13 23:20:58'),
(468, 'tbla_fltr', 7, 1, 'E', '2017-04-13 23:24:33'),
(469, 'tbla_fltr', 8, 1, 'I', '2017-04-13 23:28:01'),
(470, 'tbla_fltr', 9, 1, 'I', '2017-04-13 23:32:00'),
(471, 'tbla_fltr', 10, 1, 'I', '2017-04-13 23:49:07'),
(472, 'tbla_fltr', 11, 1, 'I', '2017-04-13 23:53:52'),
(473, 'tbla_mdlo', 36, 1, 'I', '2017-04-16 21:47:29'),
(474, 'tbla_mvhc', 1, 1, 'I', '2017-04-16 22:00:59'),
(475, 'tbla_mvhc', 2, 1, 'I', '2017-04-16 22:01:07'),
(476, 'tbla_mvhc', 3, 1, 'I', '2017-04-16 22:01:16'),
(477, 'tbla_mvhc', 4, 1, 'I', '2017-04-16 22:01:23'),
(478, 'tbla_mvhc', 5, 1, 'I', '2017-04-16 22:01:35'),
(479, 'tbla_mvhc', 6, 1, 'I', '2017-04-16 22:01:42'),
(480, 'tbla_mvhc', 7, 1, 'I', '2017-04-16 22:03:20'),
(481, 'tbla_mvhc', 8, 1, 'I', '2017-04-16 22:03:44'),
(482, 'tbla_mvhc', 9, 1, 'I', '2017-04-16 22:04:00'),
(483, 'tbla_mvhc', 10, 1, 'I', '2017-04-16 22:04:06'),
(484, 'tbla_mvhc', 11, 1, 'I', '2017-04-16 22:04:20'),
(485, 'tbla_mvhc', 12, 1, 'I', '2017-04-16 22:04:26'),
(486, 'tbla_mvhc', 13, 1, 'I', '2017-04-16 22:04:37'),
(487, 'tbla_mvhc', 14, 1, 'I', '2017-04-16 22:04:50'),
(488, 'tbla_mvhc', 15, 1, 'I', '2017-04-16 22:05:30'),
(489, 'tbla_mvhc', 16, 1, 'I', '2017-04-16 22:05:47'),
(490, 'tbla_mvhc', 17, 1, 'I', '2017-04-16 22:06:39'),
(491, 'tbla_mvhc', 18, 1, 'I', '2017-04-16 22:07:04'),
(492, 'tbla_mvhc', 19, 1, 'I', '2017-04-16 22:07:19'),
(493, 'tbla_mvhc', 20, 1, 'I', '2017-04-16 22:07:40'),
(494, 'tbla_mvhc', 21, 1, 'I', '2017-04-16 22:08:06'),
(495, 'tbla_mvhc', 22, 1, 'I', '2017-04-16 22:08:26'),
(496, 'tbla_mvhc', 23, 1, 'I', '2017-04-16 22:08:46'),
(497, 'tbla_mvhc', 24, 1, 'I', '2017-04-16 22:09:01'),
(498, 'tbla_mvhc', 25, 1, 'I', '2017-04-16 22:09:21'),
(499, 'tbla_mvhc', 26, 1, 'I', '2017-04-16 22:09:49'),
(500, 'tbla_mvhc', 27, 1, 'I', '2017-04-16 22:10:02'),
(501, 'tbla_mvhc', 28, 1, 'I', '2017-04-16 22:10:22'),
(502, 'tbla_mvhc', 29, 1, 'I', '2017-04-16 22:10:46'),
(503, 'tbla_mvhc', 30, 1, 'I', '2017-04-16 22:11:01'),
(504, 'tbla_mvhc', 31, 1, 'I', '2017-04-16 22:11:21'),
(505, 'tbla_pref', 1, 1, 'E', '2017-04-18 23:09:14'),
(506, 'tbla_notc', 6, 1, 'E', '2017-04-19 00:44:46'),
(507, 'tbla_fltr', 11, 1, 'E', '2017-04-24 21:20:21'),
(508, 'tbla_secc', 6, 1, 'E', '2017-05-01 18:01:03'),
(509, 'tbla_mdlo', 36, 1, 'E', '2017-05-01 18:03:00'),
(510, 'tbla_mcrf', 1, 1, 'I', '2017-05-01 18:12:47'),
(511, 'tbla_mcrf', 2, 1, 'I', '2017-05-01 18:13:59'),
(512, 'tbla_mcrf', 3, 1, 'I', '2017-05-01 18:14:20'),
(513, 'tbla_mcrf', 4, 1, 'I', '2017-05-01 18:14:53'),
(514, 'tbla_sldr', 1, 1, 'D', '2017-05-01 21:10:03'),
(515, 'tbla_sldr', 2, 1, 'D', '2017-05-01 21:10:06'),
(516, 'tbla_sldr', 3, 1, 'I', '2017-05-01 21:10:43'),
(517, 'tbla_sldr', 4, 1, 'I', '2017-05-01 21:10:52'),
(518, 'tbla_sldr', 5, 1, 'I', '2017-05-01 21:10:59'),
(519, 'tbla_sldr', 6, 1, 'I', '2017-05-01 21:11:04'),
(520, 'tbla_fltr', 12, 1, 'I', '2017-05-06 23:41:22'),
(521, 'tbla_pref', 1, 1, 'E', '2017-06-05 16:31:56'),
(522, 'tbla_sldr', 3, 1, 'D', '2017-06-07 19:40:22'),
(523, 'tbla_sldr', 6, 1, 'E', '2017-06-07 19:41:11'),
(524, 'tbla_sldr', 6, 1, 'E', '2017-06-07 19:41:39'),
(525, 'tbla_sldr', 6, 1, 'E', '2017-06-07 19:41:51'),
(526, 'tbla_fltr', 12, 1, 'E', '2017-06-07 20:00:47'),
(527, 'tbla_pref', 1, 1, 'E', '2017-06-11 20:37:41'),
(528, 'tbla_pref', 1, 1, 'E', '2017-06-11 21:56:54'),
(529, 'tbla_mdlo', 11, 1, 'D', '2017-06-12 23:37:23'),
(530, 'tbla_mdlo', 26, 1, 'D', '2017-06-12 23:37:35'),
(531, 'tbla_mdlo', 13, 1, 'D', '2017-06-12 23:37:42'),
(532, 'tbla_mdlo', 25, 1, 'D', '2017-06-12 23:38:46'),
(533, 'tbla_mdlo', 12, 1, 'D', '2017-06-12 23:38:58'),
(534, 'tbla_mdlo', 27, 1, 'D', '2017-06-12 23:39:31'),
(535, 'tbla_mdlo', 19, 1, 'D', '2017-06-12 23:39:50'),
(536, 'tbla_mdlo', 20, 1, 'D', '2017-06-12 23:39:58'),
(537, 'tbla_mdlo', 18, 1, 'D', '2017-06-12 23:40:19'),
(538, 'tbla_mdlo', 30, 1, 'D', '2017-06-12 23:40:28'),
(539, 'tbla_mdlo', 36, 1, 'E', '2017-06-12 23:41:21'),
(540, 'tbla_mdlo', 36, 1, 'E', '2017-06-12 23:42:08'),
(541, 'tbla_mdlo', 36, 1, 'E', '2017-06-12 23:42:24'),
(542, 'tbla_mdlo', 36, 1, 'E', '2017-06-12 23:42:48'),
(543, 'tbla_secc', 6, 1, 'E', '2017-06-12 23:59:14'),
(544, 'tbla_mdlo', 36, 1, 'E', '2017-06-12 23:59:53'),
(545, 'tbla_mdlo', 36, 1, 'E', '2017-06-13 00:00:40'),
(546, 'tbla_mdlo', 36, 1, 'E', '2017-06-13 00:02:03'),
(547, 'tbla_mdlo', 36, 1, 'E', '2017-06-13 00:03:43'),
(548, 'tbla_mdlo', 36, 1, 'E', '2017-06-13 00:04:06'),
(549, 'tbla_mdlo', 24, 1, 'D', '2017-06-13 01:55:29'),
(550, 'tbla_avso', 1, 1, 'E', '2017-06-13 01:56:27'),
(551, 'tbla_avso', 1, 1, 'E', '2017-06-13 02:07:18'),
(552, 'tbla_avso', 1, 1, 'E', '2017-06-13 02:13:13'),
(553, 'tbla_pref', 1, 1, 'E', '2017-06-18 22:23:38'),
(554, 'tbla_pref', 1, 1, 'E', '2017-06-30 23:26:47'),
(555, 'tbla_cont', 1, 1, 'E', '2017-07-02 21:34:25'),
(556, 'tbla_cont', 1, 1, 'E', '2017-07-02 21:46:02'),
(557, 'tbla_pref', 1, 1, 'E', '2017-07-02 21:56:03'),
(558, 'tbla_mdlo', 36, 1, 'E', '2017-07-02 21:57:50'),
(559, 'tbla_cont', 1, 1, 'E', '2017-07-02 21:58:26'),
(560, 'tbla_rdsc', 4, 1, 'E', '2017-07-02 21:58:52'),
(561, 'tbla_cont', 1, 1, 'E', '2017-07-02 22:09:39'),
(562, 'tbla_pref', 1, 1, 'E', '2017-07-02 22:11:13'),
(563, 'tbla_pref', 1, 1, 'E', '2017-09-16 19:02:22'),
(564, 'tbla_pref', 1, 1, 'E', '2017-09-16 19:46:28'),
(565, 'tbla_pref', 1, 1, 'E', '2017-09-16 19:47:07'),
(566, 'tbla_cont', 1, 1, 'E', '2017-09-16 20:01:43'),
(567, 'tbla_cont', 1, 1, 'E', '2017-09-16 20:03:01'),
(568, 'tbla_notc', 7, 1, 'I', '2017-09-16 20:14:53'),
(569, 'tbla_notc', 7, 1, 'E', '2017-09-16 20:16:38'),
(570, 'tbla_notc', 7, 1, 'E', '2017-09-16 20:24:08'),
(571, 'tbla_sldr', 2, 1, 'D', '2017-11-05 23:25:47'),
(572, 'tbla_sldr', 1, 1, 'D', '2017-11-05 23:25:50'),
(573, 'tbla_sldr', 3, 1, 'E', '2017-11-05 23:26:21'),
(574, 'tbla_mdlo', 36, 1, 'E', '2017-11-10 12:25:05'),
(575, 'tbla_mdlo', 36, 1, 'E', '2017-11-10 12:30:42'),
(576, 'tbla_mdlo', 36, 1, 'E', '2017-11-10 12:31:22'),
(577, 'tbla_mdlo', 36, 1, 'E', '2017-11-10 12:31:57'),
(578, 'tbla_mdlo', 36, 1, 'E', '2017-11-10 13:21:54'),
(579, 'tbla_prct', 1, 1, 'I', '2017-11-10 16:05:27'),
(580, 'tbla_prct', 2, 1, 'I', '2017-11-10 16:58:09'),
(581, 'tbla_prct', 3, 1, 'I', '2017-11-10 16:59:22'),
(582, 'tbla_prln', 1, 1, 'I', '2017-11-10 17:06:31'),
(583, 'tbla_prln', 2, 1, 'I', '2017-11-10 17:06:56'),
(584, 'tbla_prln', 3, 1, 'I', '2017-11-10 17:07:34'),
(585, 'tbla_prln', 4, 1, 'I', '2017-11-10 17:08:00'),
(586, 'tbla_prln', 5, 1, 'I', '2017-11-10 17:10:23'),
(587, 'tbla_prln', 6, 1, 'I', '2017-11-10 17:10:38'),
(588, 'tbla_prln', 7, 1, 'I', '2017-11-10 17:11:07'),
(589, 'tbla_prln', 8, 1, 'I', '2017-11-10 17:11:26'),
(590, 'tbla_prtp', 1, 1, 'I', '2017-11-10 17:13:48'),
(591, 'tbla_prtp', 2, 1, 'I', '2017-11-10 17:13:57'),
(592, 'tbla_prod', 1, 1, 'I', '2017-11-10 18:00:10'),
(593, 'tbla_prod', 2, 1, 'I', '2017-11-10 19:19:19'),
(594, 'tbla_prod', 3, 1, 'I', '2017-11-10 19:24:17'),
(595, 'tbla_prod', 3, 1, 'E', '2017-11-10 19:34:18'),
(596, 'tbla_prod', 3, 1, 'E', '2017-11-10 19:36:11'),
(597, 'tbla_prod', 3, 1, 'E', '2017-11-10 19:52:36'),
(598, 'tbla_prod', 4, 1, 'I', '2017-11-13 01:46:25'),
(599, 'tbla_mdlo', 36, 1, 'E', '2018-02-04 01:53:10'),
(600, 'tbla_mdlo', 36, 1, 'E', '2018-02-04 01:54:23'),
(601, 'tbla_marc', 1, 1, 'I', '2018-02-04 01:54:54'),
(602, 'tbla_marc', 2, 1, 'I', '2018-02-04 01:55:07'),
(603, 'tbla_marc', 3, 1, 'I', '2018-02-04 01:55:17'),
(604, 'tbla_marc', 4, 1, 'I', '2018-02-04 01:55:28'),
(605, 'tbla_marc', 5, 1, 'I', '2018-02-04 01:55:43'),
(606, 'tbla_marc', 6, 1, 'I', '2018-02-04 01:55:53'),
(607, 'tbla_qmos', 1, 1, 'E', '2018-02-04 20:09:42'),
(608, 'tbla_qmos', 1, 1, 'E', '2018-02-04 21:03:12'),
(609, 'tbla_adms', 2, 1, 'I', '2018-02-04 23:21:03'),
(610, 'tbla_mdlo', 28, 1, 'D', '2018-02-04 23:23:55'),
(611, 'tbla_mdlo', 29, 1, 'D', '2018-02-04 23:24:33'),
(612, 'tbla_cont', 1, 1, 'E', '2018-03-18 21:30:49'),
(613, 'tbla_pref', 1, 1, 'E', '2018-03-20 04:10:58'),
(614, 'tbla_pref', 1, 1, 'E', '2018-03-20 04:13:24'),
(615, 'tbla_pref', 1, 1, 'E', '2018-03-20 04:15:39'),
(616, 'tbla_pref', 1, 1, 'E', '2018-03-20 04:16:49'),
(617, 'tbla_prod', 4, 1, 'D', '2018-03-21 18:54:21'),
(618, 'tbla_prod', 3, 1, 'D', '2018-03-21 18:54:24'),
(619, 'tbla_prod', 2, 1, 'D', '2018-03-21 18:54:27'),
(620, 'tbla_prod', 1, 1, 'D', '2018-03-21 18:54:29'),
(621, 'tbla_prtp', 3, 1, 'I', '2018-03-21 19:02:55'),
(622, 'tbla_prod', 5, 1, 'I', '2018-03-21 19:22:03'),
(623, 'tbla_prod', 5, 1, 'E', '2018-03-21 21:54:34'),
(624, 'tbla_prod', 5, 1, 'E', '2018-03-21 22:21:40'),
(625, 'tbla_prod', 5, 1, 'E', '2018-03-21 22:24:02'),
(626, 'tbla_prod', 5, 1, 'E', '2018-03-25 19:21:34'),
(627, 'tbla_prod', 5, 1, 'E', '2018-03-25 20:14:42'),
(628, 'tbla_prod', 5, 1, 'E', '2018-03-25 20:15:12'),
(629, 'tbla_pref', 1, 1, 'E', '2018-03-25 21:14:40'),
(630, 'tbla_prod', 6, 1, 'I', '2018-03-25 21:41:38'),
(631, 'tbla_prod', 7, 1, 'I', '2018-03-25 21:44:58'),
(632, 'tbla_prod', 8, 1, 'I', '2018-03-25 21:59:21'),
(633, 'tbla_rdsc', 4, 1, 'E', '2018-03-26 17:36:24'),
(634, 'tbla_sldr', 3, 1, 'D', '2018-04-01 20:03:20'),
(635, 'tbla_sldr', 4, 1, 'I', '2018-04-01 20:03:36'),
(636, 'tbla_sldr', 5, 1, 'I', '2018-04-01 20:03:42'),
(637, 'tbla_adms', 2, 1, 'E', '2018-04-06 23:57:26'),
(638, 'tbla_adms', 2, 1, 'E', '2018-04-06 23:57:45'),
(639, 'tbla_cont', 1, 1, 'E', '2018-04-07 00:09:16'),
(640, 'tbla_cont', 1, 1, 'E', '2018-04-07 00:09:52'),
(641, 'tbla_cont', 1, 1, 'E', '2018-04-07 00:16:54'),
(642, 'tbla_pref', 1, 1, 'E', '2018-04-25 23:36:26'),
(643, 'tbla_prct', 3, 1, 'E', '2018-04-25 23:46:15'),
(644, 'tbla_prln', 8, 1, 'E', '2018-04-25 23:46:53'),
(645, 'tbla_prln', 8, 1, 'E', '2018-04-25 23:47:18'),
(646, 'tbla_prtp', 3, 1, 'E', '2018-04-25 23:48:14'),
(647, 'tbla_prtp', 3, 1, 'E', '2018-04-25 23:48:25'),
(648, 'tbla_prtp', 3, 1, 'E', '2018-04-25 23:48:41'),
(649, 'tbla_pref', 1, 1, 'E', '2018-04-25 23:50:25'),
(650, 'tbla_pref', 1, 1, 'E', '2018-04-26 00:04:31'),
(651, 'tbla_pref', 1, 1, 'E', '2018-04-26 00:04:58'),
(652, 'tbla_pref', 1, 1, 'E', '2018-04-26 00:07:02'),
(653, 'tbla_prod', 8, 1, 'E', '2018-04-26 00:22:01'),
(654, 'tbla_qmos', 1, 1, 'E', '2018-04-26 02:14:25'),
(655, 'tbla_qmos', 1, 1, 'E', '2018-04-26 02:17:15'),
(656, 'tbla_cont', 1, 1, 'E', '2018-12-21 00:46:20'),
(657, 'tbla_pref', 1, 1, 'E', '2018-12-21 00:46:49'),
(658, 'tbla_pref', 1, 1, 'E', '2018-12-21 00:47:16'),
(659, 'tbla_qmos', 1, 1, 'E', '2018-12-21 01:07:40'),
(660, 'tbla_qmos', 1, 1, 'E', '2018-12-21 04:29:05'),
(661, 'tbla_qmos', 1, 1, 'E', '2018-12-21 04:36:38'),
(662, 'tbla_marc', 1, 1, 'I', '2018-12-21 05:13:13'),
(663, 'tbla_marc', 2, 1, 'I', '2018-12-21 05:13:27'),
(664, 'tbla_marc', 3, 1, 'I', '2018-12-21 05:13:36'),
(665, 'tbla_marc', 3, 1, 'E', '2018-12-21 05:35:39'),
(666, 'tbla_marc', 3, 1, 'E', '2018-12-21 05:35:58'),
(667, 'tbla_marc', 3, 1, 'E', '2018-12-21 05:36:51'),
(668, 'tbla_marc', 3, 1, 'E', '2018-12-21 05:42:00'),
(669, 'tbla_marc', 3, 1, 'E', '2018-12-21 05:42:15'),
(670, 'tbla_marc', 3, 1, 'E', '2018-12-21 05:44:34'),
(671, 'tbla_qmos', 1, 1, 'E', '2018-12-21 15:27:34'),
(672, 'tbla_qmos', 1, 1, 'E', '2018-12-22 00:36:16'),
(673, 'tbla_qmos', 1, 1, 'E', '2018-12-22 00:51:00'),
(674, 'tbla_qmos', 1, 1, 'E', '2018-12-22 00:52:48'),
(675, 'tbla_qmos', 1, 1, 'E', '2018-12-22 00:53:42'),
(676, 'tbla_qmos', 1, 1, 'E', '2018-12-22 00:54:26'),
(677, 'tbla_qmos', 1, 1, 'E', '2018-12-22 00:58:02'),
(678, 'tbla_sldr', 5, 1, 'D', '2018-12-28 19:48:14'),
(679, 'tbla_sldr', 4, 1, 'D', '2018-12-28 19:48:16'),
(680, 'tbla_sldr', 6, 1, 'I', '2018-12-28 19:48:52'),
(681, 'tbla_sldr', 7, 1, 'I', '2018-12-28 19:49:01'),
(682, 'tbla_sldr', 8, 1, 'I', '2018-12-28 19:49:11'),
(683, 'tbla_sldr', 8, 1, 'E', '2018-12-28 20:01:17'),
(684, 'tbla_marc', 3, 1, 'E', '2018-12-28 22:46:51'),
(685, 'tbla_marc', 3, 1, 'E', '2018-12-28 22:47:08'),
(686, 'tbla_marc', 3, 1, 'E', '2018-12-28 22:47:42'),
(687, 'tbla_marc', 3, 1, 'E', '2018-12-28 23:17:13'),
(688, 'tbla_marc', 3, 1, 'E', '2018-12-28 23:17:28'),
(689, 'tbla_marc', 3, 1, 'E', '2018-12-28 23:17:42'),
(690, 'tbla_marc', 3, 1, 'E', '2019-01-04 00:11:54'),
(691, 'tbla_marc', 3, 1, 'E', '2019-01-04 00:12:20'),
(692, 'tbla_marc', 3, 1, 'E', '2019-01-04 00:12:43'),
(693, 'tbla_rdsc', 4, 1, 'E', '2019-01-04 00:50:23'),
(694, 'tbla_rdsc', 1, 1, 'D', '2019-01-04 00:50:38'),
(695, 'tbla_rdsc', 3, 1, 'D', '2019-01-04 00:50:53'),
(696, 'tbla_marc', 3, 1, 'E', '2019-01-09 20:43:11'),
(697, 'tbla_marc', 3, 1, 'E', '2019-01-10 00:44:46'),
(698, 'tbla_marc', 3, 1, 'E', '2019-01-10 00:45:12'),
(699, 'tbla_marc', 3, 1, 'E', '2019-01-10 02:23:42'),
(700, 'tbla_ctgn', 6, 1, 'E', '2019-01-11 02:01:33'),
(701, 'tbla_notc', 7, 1, 'E', '2019-01-11 02:05:19'),
(702, 'tbla_rdsc', 4, 1, 'E', '2019-01-11 02:29:43'),
(703, 'tbla_notc', 6, 1, 'D', '2019-01-15 02:46:23'),
(704, 'tbla_notc', 5, 1, 'D', '2019-01-15 02:46:27'),
(705, 'tbla_notc', 2, 1, 'D', '2019-01-15 02:46:32'),
(706, 'tbla_adms', 2, 1, 'E', '2019-01-18 20:42:27'),
(707, 'tbla_notc', 8, 1, 'I', '2019-01-18 20:44:17'),
(708, 'tbla_qmos', 1, 1, 'E', '2019-01-20 22:39:19'),
(709, 'tbla_mdlo', 37, 1, 'I', '2019-01-20 23:21:52'),
(710, 'tbla_sldi', 1, 1, 'I', '2019-01-20 23:30:53'),
(711, 'tbla_sldi', 2, 1, 'I', '2019-01-20 23:31:04'),
(712, 'tbla_sldi', 3, 1, 'I', '2019-01-20 23:31:24'),
(713, 'tbla_sldi', 4, 1, 'I', '2019-01-20 23:31:28'),
(714, 'tbla_notc', 8, 1, 'D', '2019-01-21 05:35:00'),
(715, 'tbla_marc', 3, 1, 'E', '2019-01-21 05:37:26'),
(716, 'tbla_marc', 3, 1, 'E', '2019-01-21 05:38:01'),
(717, 'tbla_marc', 3, 1, 'E', '2019-01-21 05:38:44'),
(718, 'tbla_marc', 3, 1, 'E', '2019-01-22 02:32:53'),
(719, 'tbla_mdlo', 38, 1, 'I', '2019-01-22 04:20:00'),
(720, 'tbla_objt', 1, 1, 'I', '2019-01-22 04:54:12'),
(721, 'tbla_objt', 2, 1, 'I', '2019-01-22 04:54:38'),
(722, 'tbla_objt', 3, 1, 'I', '2019-01-22 04:55:03'),
(723, 'tbla_objt', 4, 1, 'I', '2019-01-22 04:55:39'),
(724, 'tbla_objt', 5, 1, 'I', '2019-01-22 04:56:11'),
(725, 'tbla_objt', 6, 1, 'I', '2019-01-22 04:56:38'),
(726, 'tbla_objt', 7, 1, 'I', '2019-01-22 04:57:06'),
(727, 'tbla_objt', 8, 1, 'I', '2019-01-22 04:57:35'),
(728, 'tbla_objt', 8, 1, 'E', '2019-01-22 05:27:57'),
(729, 'tbla_objt', 8, 1, 'E', '2019-01-22 05:29:07'),
(730, 'tbla_objt', 8, 1, 'E', '2019-01-22 05:29:46'),
(731, 'tbla_objt', 8, 1, 'E', '2019-01-22 05:30:41'),
(732, 'tbla_objt', 8, 1, 'E', '2019-01-22 05:31:48'),
(733, 'tbla_objt', 8, 1, 'E', '2019-01-22 05:32:09'),
(734, 'tbla_objt', 8, 1, 'E', '2019-01-22 05:32:57'),
(735, 'tbla_objt', 8, 1, 'E', '2019-01-22 05:34:21'),
(736, 'tbla_objt', 8, 1, 'E', '2019-01-22 05:34:59'),
(737, 'tbla_objt', 8, 1, 'E', '2019-01-22 05:35:47'),
(738, 'tbla_objt', 9, 1, 'I', '2019-01-22 05:36:29'),
(739, 'tbla_objt', 3, 1, 'D', '2019-01-22 05:41:36'),
(740, 'tbla_objt', 9, 1, 'E', '2019-01-22 05:47:46'),
(741, 'tbla_pref', 1, 1, 'E', '2019-01-25 05:13:00'),
(742, 'tbla_pref', 1, 1, 'E', '2019-02-02 04:01:25'),
(743, 'tbla_mdlo', 39, 1, 'I', '2019-02-02 06:16:07'),
(744, 'tbla_user', 1, 1, 'I', '2019-02-02 06:24:28'),
(745, 'tbla_user', 1, 1, 'E', '2019-02-02 06:30:36'),
(746, 'tbla_user', 1, 1, 'E', '2019-02-02 06:33:49'),
(747, 'tbla_secc', 6, 1, 'E', '2019-02-03 04:08:13'),
(748, 'tbla_secc', 6, 1, 'E', '2019-02-03 04:08:40'),
(749, 'tbla_mdlo', 39, 1, 'E', '2019-02-03 04:13:37'),
(750, 'tbla_mdlo', 39, 1, 'E', '2019-02-03 04:19:21'),
(751, 'tbla_mdlo', 39, 1, 'E', '2019-02-03 04:22:25'),
(752, 'tbla_evnc', 1, 1, 'I', '2019-02-03 05:21:32'),
(753, 'tbla_evnt', 1, 1, 'I', '2019-02-03 05:51:20'),
(754, 'tbla_evnc', 1, 1, 'I', '2019-02-03 06:37:51'),
(755, 'tbla_evnc', 2, 1, 'I', '2019-02-03 06:38:15'),
(756, 'tbla_evnc', 3, 1, 'I', '2019-02-03 06:38:42'),
(757, 'tbla_evnc', 4, 1, 'I', '2019-02-03 06:39:47'),
(758, 'tbla_evnt', 2, 1, 'I', '2019-02-03 07:02:11'),
(759, 'tbla_evnt', 2, 1, 'E', '2019-02-03 07:58:35'),
(760, 'tbla_evnt', 2, 1, 'E', '2019-02-03 07:59:06'),
(761, 'tbla_mdlo', 39, 1, 'E', '2019-02-03 08:50:16'),
(762, 'tbla_mesa', 1, 1, 'I', '2019-02-03 08:54:41'),
(763, 'tbla_mesa', 2, 1, 'I', '2019-02-03 08:54:45'),
(764, 'tbla_mesa', 3, 1, 'I', '2019-02-03 08:54:49'),
(765, 'tbla_mesa', 4, 1, 'I', '2019-02-03 08:54:54'),
(766, 'tbla_mesa', 5, 1, 'I', '2019-02-03 08:55:00'),
(767, 'tbla_mesa', 6, 1, 'I', '2019-02-03 08:55:04'),
(768, 'tbla_mesa', 7, 1, 'I', '2019-02-03 08:55:08'),
(769, 'tbla_mesa', 8, 1, 'I', '2019-02-03 08:55:12'),
(770, 'tbla_mesa', 9, 1, 'I', '2019-02-03 08:55:16'),
(771, 'tbla_mesa', 10, 1, 'I', '2019-02-03 08:55:21'),
(772, 'tbla_mesa', 11, 1, 'I', '2019-02-03 08:55:24'),
(773, 'tbla_mesa', 12, 1, 'I', '2019-02-03 08:55:28'),
(774, 'tbla_mesa', 13, 1, 'I', '2019-02-03 08:55:32'),
(775, 'tbla_mesa', 14, 1, 'I', '2019-02-03 08:55:37'),
(776, 'tbla_mesa', 15, 1, 'I', '2019-02-03 08:55:41'),
(777, 'tbla_mesa', 16, 1, 'I', '2019-02-03 08:55:46'),
(778, 'tbla_mesa', 17, 1, 'I', '2019-02-03 08:55:50'),
(779, 'tbla_mesa', 18, 1, 'I', '2019-02-03 08:55:54'),
(780, 'tbla_mesa', 19, 1, 'I', '2019-02-03 08:55:58'),
(781, 'tbla_mesa', 20, 1, 'I', '2019-02-03 08:56:03'),
(782, 'tbla_mesa', 21, 1, 'I', '2019-02-03 08:56:07'),
(783, 'tbla_mesa', 22, 1, 'I', '2019-02-03 08:56:11'),
(784, 'tbla_mesa', 23, 1, 'I', '2019-02-03 08:56:16'),
(785, 'tbla_mesa', 24, 1, 'I', '2019-02-03 08:56:21'),
(786, 'tbla_mesa', 25, 1, 'I', '2019-02-03 08:56:25'),
(787, 'tbla_mesa', 26, 1, 'I', '2019-02-03 08:56:29'),
(788, 'tbla_mesa', 27, 1, 'I', '2019-02-03 08:56:34'),
(789, 'tbla_mesa', 28, 1, 'I', '2019-02-03 08:56:39'),
(790, 'tbla_mesa', 29, 1, 'I', '2019-02-03 08:56:43'),
(791, 'tbla_mesa', 30, 1, 'I', '2019-02-03 08:56:47'),
(792, 'tbla_evnt', 1, 1, 'I', '2019-02-03 09:09:00'),
(793, 'tbla_evnt', 1, 1, 'I', '2019-02-03 09:10:22'),
(794, 'tbla_user', 2, 1, 'I', '2019-02-03 11:33:59'),
(795, 'tbla_user', 3, 1, 'I', '2019-02-03 11:35:19'),
(796, 'tbla_pref', 1, 1, 'E', '2019-02-03 11:38:23'),
(797, 'tbla_user', 4, 1, 'I', '2019-02-03 11:45:37'),
(798, 'tbla_user', 5, 1, 'I', '2019-02-03 11:47:47'),
(799, 'tbla_user', 6, 1, 'I', '2019-02-03 11:49:24'),
(800, 'tbla_user', 7, 1, 'I', '2019-02-03 11:52:13'),
(801, 'tbla_evnt', 1, 1, 'E', '2019-02-07 20:16:19'),
(802, 'tbla_user', 8, 1, 'I', '2019-02-07 20:21:05'),
(803, 'tbla_user', 9, 1, 'I', '2019-02-09 21:29:55'),
(804, 'tbla_evnt', 1, 1, 'E', '2019-02-09 21:44:14'),
(805, 'tbla_secc', 6, 1, 'E', '2019-02-17 03:53:52'),
(806, 'tbla_mdlo', 39, 1, 'E', '2019-02-17 04:01:58'),
(807, 'tbla_mdlo', 39, 1, 'E', '2019-02-17 04:03:08'),
(808, 'tbla_mdlo', 39, 1, 'E', '2019-02-17 04:04:16'),
(809, 'tbla_mdlo', 39, 1, 'E', '2019-02-17 04:05:42'),
(810, 'tbla_secc', 6, 1, 'E', '2019-02-17 04:06:43'),
(811, 'tbla_secc', 7, 1, 'I', '2019-02-17 04:06:56'),
(812, 'tbla_mdlo', 40, 1, 'I', '2019-02-17 04:14:20'),
(813, 'tbla_mdlo', 41, 1, 'I', '2019-02-17 04:17:05'),
(814, 'tbla_secc', 8, 1, 'I', '2019-02-17 04:18:17'),
(815, 'tbla_mdlo', 41, 1, 'E', '2019-02-17 04:19:30'),
(816, 'tbla_user', 1, 1, 'I', '2019-02-19 22:12:10'),
(817, 'tbla_user', 3, 1, 'I', '2019-02-19 22:49:15'),
(818, 'tbla_user', 5, 1, 'I', '2019-02-19 22:59:45'),
(819, 'tbla_user', 6, 1, 'I', '2019-02-19 23:09:24'),
(820, 'tbla_user', 8, 1, 'I', '2019-02-19 23:12:16'),
(821, 'tbla_user', 10, 1, 'I', '2019-02-19 23:24:09'),
(822, 'tbla_pref', 1, 1, 'E', '2019-02-19 23:41:44'),
(823, 'tbla_user', 11, 1, 'I', '2019-02-19 23:43:54'),
(824, 'tbla_pref', 1, 1, 'E', '2019-02-19 23:45:35'),
(825, 'tbla_user', 12, 1, 'I', '2019-02-19 23:46:52'),
(826, 'tbla_user', 13, 1, 'I', '2019-02-19 23:49:37'),
(827, 'tbla_cont', 1, 1, 'E', '2019-02-23 01:04:47'),
(828, 'tbla_rdsc', 5, 1, 'I', '2019-02-23 01:07:10'),
(829, 'tbla_evnt', 1, 1, 'E', '2019-02-23 03:30:38'),
(830, 'tbla_evnt', 1, 1, 'E', '2019-02-23 03:31:02'),
(831, 'tbla_evnt', 2, 1, 'I', '2019-02-23 03:38:21'),
(832, 'tbla_evnt', 3, 1, 'I', '2019-02-23 05:05:53'),
(833, 'tbla_evnt', 4, 1, 'I', '2019-02-23 05:07:36'),
(834, 'tbla_evnt', 5, 1, 'I', '2019-02-23 05:08:55'),
(835, 'tbla_evnt', 6, 1, 'I', '2019-02-23 05:10:52'),
(836, 'tbla_evnt', 6, 1, 'E', '2019-02-23 05:13:12'),
(837, 'tbla_evnt', 6, 1, 'E', '2019-02-23 05:14:35'),
(838, 'tbla_evnt', 7, 1, 'I', '2019-02-23 05:26:08'),
(839, 'tbla_mdlo', 41, 1, 'E', '2019-02-25 05:43:41'),
(840, 'tbla_secc', 9, 1, 'I', '2019-02-25 05:44:24'),
(841, 'tbla_mdlo', 41, 1, 'E', '2019-02-25 05:44:55'),
(842, 'tbla_mdlo', 41, 1, 'E', '2019-02-25 05:45:28'),
(843, 'tbla_mstp', 1, 1, 'I', '2019-02-25 05:53:23'),
(844, 'tbla_mstp', 2, 1, 'I', '2019-02-25 06:27:59'),
(845, 'tbla_mstp', 2, 1, 'E', '2019-02-25 06:28:09'),
(846, 'tbla_mstp', 3, 1, 'I', '2019-02-25 06:30:44'),
(847, 'tbla_mstp', 4, 1, 'I', '2019-02-25 06:37:28'),
(848, 'tbla_mdlo', 42, 1, 'I', '2019-02-25 06:48:27'),
(849, 'tbla_msvp', 1, 1, 'I', '2019-02-25 06:52:05'),
(850, 'tbla_msvp', 2, 1, 'I', '2019-02-25 06:52:12'),
(851, 'tbla_mesa', 30, 1, 'E', '2019-02-25 06:55:57'),
(852, 'tbla_mesa', 30, 1, 'E', '2019-02-25 07:23:33'),
(853, 'tbla_mesa', 30, 1, 'E', '2019-02-25 07:30:14'),
(854, 'tbla_mesa', 30, 1, 'E', '2019-02-25 07:32:07'),
(855, 'tbla_user', 14, 1, 'I', '2019-02-26 22:36:57'),
(856, 'tbla_evnt', 7, 1, 'E', '2019-02-28 04:26:17'),
(857, 'tbla_evnt', 7, 1, 'E', '2019-02-28 04:44:45'),
(858, 'tbla_evnt', 7, 1, 'E', '2019-02-28 04:45:06'),
(859, 'tbla_evnt', 7, 1, 'E', '2019-02-28 04:46:08'),
(860, 'tbla_mesa', 30, 1, 'E', '2019-03-04 02:50:42'),
(861, 'tbla_mesa', 30, 1, 'E', '2019-03-04 02:51:45'),
(862, 'tbla_mesa', 30, 1, 'E', '2019-03-04 02:53:51'),
(863, 'tbla_mesa', 30, 1, 'E', '2019-03-04 02:54:46'),
(864, 'tbla_mesa', 30, 1, 'E', '2019-03-04 02:56:30'),
(865, 'tbla_mesa', 30, 1, 'E', '2019-03-04 02:57:27'),
(866, 'tbla_mesa', 30, 1, 'E', '2019-03-04 02:59:04'),
(867, 'tbla_mesa', 30, 1, 'E', '2019-03-04 02:59:49'),
(868, 'tbla_mesa', 30, 1, 'E', '2019-03-04 03:02:16'),
(869, 'tbla_mesa', 30, 1, 'E', '2019-03-04 03:04:28'),
(870, 'tbla_mesa', 30, 1, 'E', '2019-03-04 03:05:37'),
(871, 'tbla_mesa', 30, 1, 'E', '2019-03-04 03:06:42'),
(872, 'tbla_mesa', 30, 1, 'E', '2019-03-04 03:07:37'),
(873, 'tbla_mesa', 30, 1, 'E', '2019-03-04 03:08:34'),
(874, 'tbla_evnt', 7, 1, 'E', '2019-03-15 02:22:34'),
(875, 'tbla_evnt', 7, 1, 'E', '2019-03-15 02:22:52'),
(876, 'tbla_evnt', 7, 1, 'E', '2019-03-15 02:23:13');

-- --------------------------------------------------------

--
-- Estructura de tabla para la tabla `tbla_avso`
--

CREATE TABLE IF NOT EXISTS `tbla_avso` (
  `id` bigint(20) unsigned NOT NULL AUTO_INCREMENT COMMENT 'Serial de la tabla',
  `avso_imgn` varchar(120) COLLATE utf8_bin NOT NULL COMMENT 'Imagen del aviso al inicio del sistio',
  `avso_fini` date NOT NULL COMMENT 'Fecha en que se comenzar&aacute; a mostrar el aviso ',
  `avso_ffin` date NOT NULL COMMENT 'Fecha en que se terminar&aacute; de mostrar el aviso',
  `avso_estd` tinyint(1) NOT NULL COMMENT 'Estado del registro',
  PRIMARY KEY (`id`),
  UNIQUE KEY `id_UNIQUE` (`id`),
  UNIQUE KEY `avso_imgn_UNIQUE` (`avso_imgn`)
) ENGINE=InnoDB  DEFAULT CHARSET=utf8 COLLATE=utf8_bin COMMENT='Aviso al inicio del sistio' AUTO_INCREMENT=2 ;

--
-- Volcado de datos para la tabla `tbla_avso`
--

INSERT INTO `tbla_avso` (`id`, `avso_imgn`, `avso_fini`, `avso_ffin`, `avso_estd`) VALUES
(1, 'botas_saga.jpg', '2016-07-01', '2017-08-02', 0);

-- --------------------------------------------------------

--
-- Estructura de tabla para la tabla `tbla_bltn`
--

CREATE TABLE IF NOT EXISTS `tbla_bltn` (
  `id` bigint(20) unsigned NOT NULL AUTO_INCREMENT COMMENT 'Serial de la tabla',
  `bltn_mail` varchar(145) COLLATE utf8_bin NOT NULL COMMENT 'Direcci&oacute;n de  correo eletr&oacute;nico',
  `bltn_estd` tinyint(1) NOT NULL COMMENT 'Estado del registro',
  `bltn_freg` timestamp NOT NULL DEFAULT CURRENT_TIMESTAMP COMMENT 'Fecha de ingreso del registro',
  PRIMARY KEY (`id`),
  UNIQUE KEY `id_UNIQUE` (`id`),
  UNIQUE KEY `bltn_mail_UNIQUE` (`bltn_mail`)
) ENGINE=InnoDB  DEFAULT CHARSET=utf8 COLLATE=utf8_bin COMMENT='DIrecciones de correo suscritas al boletin de noticias' AUTO_INCREMENT=7 ;

--
-- Volcado de datos para la tabla `tbla_bltn`
--

INSERT INTO `tbla_bltn` (`id`, `bltn_mail`, `bltn_estd`, `bltn_freg`) VALUES
(4, 'marlongarcia@gmail.com', 1, '2016-08-10 21:47:23'),
(5, 'angel.j.garcia.m@gmail.com', 1, '2017-02-18 01:28:23'),
(6, 'ajgarcia@unet.edu.ve', 1, '2017-06-05 22:04:11');

-- --------------------------------------------------------

--
-- Estructura de tabla para la tabla `tbla_cont`
--

CREATE TABLE IF NOT EXISTS `tbla_cont` (
  `id` bigint(20) unsigned NOT NULL AUTO_INCREMENT COMMENT 'Serial de la tabla',
  `cont_nomb` varchar(245) COLLATE utf8_bin NOT NULL COMMENT 'Nombre de la Organizaci&oacute;n',
  `cont_durl` varchar(145) COLLATE utf8_bin NOT NULL COMMENT 'Direcci&oacuten URL del sitio web',
  `cont_iorg` text COLLATE utf8_bin NOT NULL COMMENT 'Informaci&oacute;n de la organizaci&oacute;n',
  `cont_gmap` text COLLATE utf8_bin NOT NULL COMMENT 'Mapa de Google map con la direcci&oacute;n de Contacto',
  `cont_dirc` text COLLATE utf8_bin NOT NULL COMMENT 'Direcci&oacute;n f&iacute;sica de contacto',
  `cont_mail` varchar(145) COLLATE utf8_bin NOT NULL COMMENT 'Direcci&oacute;n email',
  `cont_tlfn` varchar(45) COLLATE utf8_bin NOT NULL COMMENT 'N&uacute;mero telef&oacute;nico',
  `cont_tfax` varchar(45) COLLATE utf8_bin NOT NULL COMMENT 'n&uacute;mero de telefax',
  `cont_movl` varchar(45) COLLATE utf8_bin NOT NULL COMMENT 'Tel&eacute;fono m&oacute;vil celular',
  `cont_riff` varchar(45) COLLATE utf8_bin NOT NULL COMMENT 'N&uacute;mero de registro fiscal',
  `cont_post` varchar(45) COLLATE utf8_bin NOT NULL COMMENT 'C&oacute;digo Postal',
  `cont_text` text COLLATE utf8_bin NOT NULL COMMENT 'Texto del apartado de pongase en contacto con nosotros',
  `cont_buzn` varchar(45) COLLATE utf8_bin NOT NULL COMMENT 'Cuenta del buz&oacute;n de correo',
  `cont_hrio` varchar(245) COLLATE utf8_bin NOT NULL COMMENT 'Movil Celular',
  `cont_estd` tinyint(1) NOT NULL COMMENT 'Estado del registro',
  `cont_freg` timestamp NOT NULL DEFAULT CURRENT_TIMESTAMP COMMENT 'Fecha de ingreso del registro',
  PRIMARY KEY (`id`),
  UNIQUE KEY `id_UNIQUE` (`id`)
) ENGINE=InnoDB  DEFAULT CHARSET=utf8 COLLATE=utf8_bin COMMENT='Contacto' AUTO_INCREMENT=2 ;

--
-- Volcado de datos para la tabla `tbla_cont`
--

INSERT INTO `tbla_cont` (`id`, `cont_nomb`, `cont_durl`, `cont_iorg`, `cont_gmap`, `cont_dirc`, `cont_mail`, `cont_tlfn`, `cont_tfax`, `cont_movl`, `cont_riff`, `cont_post`, `cont_text`, `cont_buzn`, `cont_hrio`, `cont_estd`, `cont_freg`) VALUES
(1, 'Majestic', 'http://www.kami-plast.com', '<p>En Kamiplast producimos calzado fabricado 100% en Colombia. Nuestra f&aacute;brica de calzado est&aacute; situada en Villa del Rosario &ndash; Norte de Santander. Irrumpimos en el mercado innovando y ofreciendo a nuestra distinguida clientela, calzado elaborado con la m&aacute;s alta Calidad.</p>\r\n', '<iframe src="https://www.google.com/maps/embed?pb=!1m14!1m12!1m3!1d9292.243747554277!2d-70.20340176822793!3d11.700982952054275!2m3!1f0!2f0!3f0!3m2!1i1024!2i768!4f13.1!5e0!3m2!1ses!2sve!4v1505592168099" width="100%" height="450" frameborder="0" style="border:0" allowfullscreen></iframe>', ' KM 11+ 520 mts. Anillo vial oriental Int. 3 Bocon&oacute; - Villa del Rosario - Norte de Santander - Colombia.', 'info@kami-plast.com', '+57 (7) 5956039', '+57 (7) 5956050', '+57 312 8963729', 'J-299193534', '540006', '<p><span style="background-color:rgb(230, 236, 240); color:rgb(20, 23, 26); font-family:helvetica neue,helvetica,arial,sans-serif; font-size:14px">Somos una empresa dedicada a la venta de uniformes en general, implementos de seguridad y productos de limpieza e higiene.</span></p>\r\n', 'info@kami-plast.com', ' Lunes-Viernes: 7:00-12:00 &#47; 13:00-18:00, Sabados: 7:00-13:00', 1, '2016-07-28 20:29:43');

-- --------------------------------------------------------

--
-- Estructura de tabla para la tabla `tbla_csus`
--

CREATE TABLE IF NOT EXISTS `tbla_csus` (
  `id` bigint(20) unsigned NOT NULL COMMENT 'Serial de la tabla',
  `csus_nomb` varchar(145) COLLATE utf8_bin NOT NULL COMMENT 'Nombre y apellido',
  `csus_mail` varchar(145) COLLATE utf8_bin NOT NULL COMMENT 'Direcci&ioacute;n de correo suscrita',
  `csus_estd` tinyint(1) NOT NULL COMMENT 'Estado del registro',
  `csus_freg` timestamp NOT NULL DEFAULT CURRENT_TIMESTAMP COMMENT 'Fecha de ingreso del registro',
  PRIMARY KEY (`id`)
) ENGINE=InnoDB DEFAULT CHARSET=utf8 COLLATE=utf8_bin COMMENT='Lista de direcciones de correo suscritas';

-- --------------------------------------------------------

--
-- Estructura de tabla para la tabla `tbla_evnc`
--

CREATE TABLE IF NOT EXISTS `tbla_evnc` (
  `id` bigint(20) unsigned NOT NULL AUTO_INCREMENT COMMENT 'Serial de la tabla',
  `evnc_nomb` varchar(200) COLLATE utf8_bin NOT NULL COMMENT 'Nombre de la categoria',
  `evnc_estd` tinyint(1) NOT NULL COMMENT 'Estado del registro',
  `evnc_freg` timestamp NOT NULL DEFAULT CURRENT_TIMESTAMP COMMENT 'Fecha de ingreso del registro',
  PRIMARY KEY (`id`),
  UNIQUE KEY `ctgn_nomb_UNIQUE` (`evnc_nomb`),
  UNIQUE KEY `evnc_id_UNIQUE` (`id`)
) ENGINE=InnoDB  DEFAULT CHARSET=utf8 COLLATE=utf8_bin COMMENT='Categoria de los eventos' AUTO_INCREMENT=5 ;

--
-- Volcado de datos para la tabla `tbla_evnc`
--

INSERT INTO `tbla_evnc` (`id`, `evnc_nomb`, `evnc_estd`, `evnc_freg`) VALUES
(1, 'Noches de DJ', 1, '2019-02-03 06:37:51'),
(2, 'Stand Up Comedy', 1, '2019-02-03 06:38:15'),
(3, 'M&uacute;sica en Vivo ', 1, '2019-02-03 06:38:42'),
(4, 'Thematic Party ', 1, '2019-02-03 06:39:47');

-- --------------------------------------------------------

--
-- Estructura de tabla para la tabla `tbla_evnt`
--

CREATE TABLE IF NOT EXISTS `tbla_evnt` (
  `id` bigint(20) unsigned NOT NULL AUTO_INCREMENT COMMENT 'Serial de la tabla',
  `evnt_evnc` bigint(20) unsigned NOT NULL COMMENT 'Categor&iacute;a del evento',
  `evnt_ttlo` varchar(255) COLLATE utf8_bin NOT NULL COMMENT 'T&iacute;tulo del evento',
  `evnt_desc` text COLLATE utf8_bin NOT NULL COMMENT 'descripci&oacute;n del evento',
  `evnt_fech` datetime NOT NULL COMMENT 'Fecha y hora del evento',
  `evnt_imgn` varchar(145) COLLATE utf8_bin NOT NULL COMMENT 'Im&aacute;gen del evento',
  `evnt_estd` tinyint(1) NOT NULL COMMENT 'Estado de la noticia',
  `evnt_freg` timestamp NOT NULL DEFAULT CURRENT_TIMESTAMP COMMENT 'Fecha de ingreso de la noticia',
  PRIMARY KEY (`id`),
  UNIQUE KEY `id` (`id`),
  UNIQUE KEY `notc_ttlo_UNIQUE` (`evnt_ttlo`),
  UNIQUE KEY `evnt_imgn_UNIQUE` (`evnt_imgn`),
  KEY `fk_tbla_evnt_1_idx` (`evnt_evnc`)
) ENGINE=InnoDB  DEFAULT CHARSET=utf8 COLLATE=utf8_bin COMMENT='Eventos' AUTO_INCREMENT=8 ;

--
-- Volcado de datos para la tabla `tbla_evnt`
--

INSERT INTO `tbla_evnt` (`id`, `evnt_evnc`, `evnt_ttlo`, `evnt_desc`, `evnt_fech`, `evnt_imgn`, `evnt_estd`, `evnt_freg`) VALUES
(1, 1, 'S&aacute;bado por la noche Fever feat. DJ David', '<p>Con DJ David mezclando los populares &eacute;xitos en el estupendo Gilly Resto Bar para que pases una noche incre&iacute;ble. Este es el lugar al que debes dirigirte si te gusta la m&uacute;sica de Bollywood.</p>\r\n\r\n<p>Come, bebe, baila y vuelve loco para tener una noche maravillosa.</p>\r\n', '2019-04-05 21:00:59', 'image-7.jpg', 1, '2019-02-03 09:10:22'),
(2, 4, 'Valentin''s Day', '<p>Esta noche ven a Majestic Members y disfruta de nuestra fiesta mas rom&aacute;ntica, para todos aquellos enamorados que se quedaron con mas ganas de San Valentin, o para los que simplemente aman la fiesta..</p>\r\n\r\n<p>&iexcl;Vive las mejores noches de fiesta con nosotros! &lt;3<br />\r\nYa estamos abiertos!!! Esta noche ven a Majestic Members y disfruta de nuestra fiesta mas rom&aacute;ntica, para todos aquellos enamorados que se quedaron con mas ganas de San Valentin, o para los que simplemente aman la fiesta..</p>\r\n', '2019-02-28 21:30:11', 'image-3.jpg', 1, '2019-02-23 03:38:21'),
(3, 3, 'Noche de Reggae con Papashanty Sound System', '<p>As&iacute; que si estas aburrido de escuchar siempre los mismos sonidos en la provincia de M&aacute;laga y quieres bailar a ritmo de los Wailers, los Maytals, Prince Buster , Eric Morris , Dandy Livingstone, Phillip Dylon, Alton Ellis, Ethiopians , Pionners y muchos artistas m&aacute;s y disfrutar de una agradable tarde de Reggae entre amigos y cervezas all&iacute; te esperamos!</p>\r\n', '2019-03-01 21:00:42', 'image-6.jpg', 1, '2019-02-23 05:05:53'),
(4, 1, '90'' Music feat DJ Marco Brain', '<p>Este viernes 22 de febrero King Horror Sound y los residentes Nyahbingi Sound estaremos a los controles de una nueva Dancehall Fever! Os esperamos de 00:30 a 06:00 en el Port Ol&iacute;mpic de Barcelona! Entrada s&oacute;lo 5&euro; o 10&euro; con copa ðŸ˜€ Dancehall night again!</p>\r\n', '2019-03-16 21:00:54', 'image-8.jpg', 1, '2019-02-23 05:07:36'),
(5, 2, 'Stand Up Comedy Central Season 2', '<p>La party de sabado 23 Febrero en Galicia sigue adelante, por cierto con otros promotores y en otro lugar. Haremos el Capra Records showcase en el centro antiguo de Santiago De Compostela (bar black) juntos a Danman Sunnyvoice, Baodub, High Paw, Dennis Capra y las mejores crew reggae veterana y sound systems de Galicia que se han juntados para que nuestro bolo siga adelante: Skank-Fu Hi-Fi MaisLume Kolektive UDOG Soundkilla Soundsystem The North Patrol Earl Cunninsepah Illiam Keys y I Gardo(Delirium sound)</p>\r\n', '2019-03-14 21:00:38', 'image-9.jpg', 1, '2019-02-23 05:08:54'),
(6, 4, 'Cappra Records Display - DJ Rabanito', '<p>Booom! Continuamos con una nueva edici&oacute;n de Dub Club Alcoi esta vez de la mano de la familia de Babel Sound System, directos desde BARCELONA, sonorizando el baile con su pedazo de sistema de sonido, no te lo puedes perder!! el pr&oacute;ximo 16 de febrero! Sound System 4 all nations!</p>\r\n', '2019-03-15 21:00:55', 'image-1.jpg', 1, '2019-02-23 05:10:52'),
(7, 1, 'Raven Fear Factory Night: DJ Crow & Dj Denisse', '<p>En esta edici&oacute;n celebraremos una noche especial en la que los responsables de Liquidator Music, sello y tienda especializada en m&uacute;sica jamaicana de la &eacute;poca dorada que se ha convertido en un referente en todo el mundo, s&iacute;, todo el mundo, tomaran los controles del club.</p>\r\n', '2019-02-21 18:00:27', 'image-2.jpg', 1, '2019-02-23 05:26:08');

-- --------------------------------------------------------

--
-- Estructura de tabla para la tabla `tbla_infg`
--

CREATE TABLE IF NOT EXISTS `tbla_infg` (
  `id` bigint(20) unsigned NOT NULL AUTO_INCREMENT COMMENT 'Serial de la tabla',
  `infg_cert` text COLLATE utf8_bin NOT NULL COMMENT 'Certificiaciones de calidad',
  `infg_trmu` text COLLATE utf8_bin NOT NULL COMMENT 'Terminos de Uso',
  `infg_avsl` text COLLATE utf8_bin NOT NULL COMMENT 'Aviso Legal',
  `infg_ieft` text COLLATE utf8_bin NOT NULL COMMENT 'Informaci&oacute;n de la empresa en el pie de p&aacute;gina',
  `infg_estd` tinyint(1) NOT NULL COMMENT 'Estado del registro',
  `infg_freg` timestamp NOT NULL DEFAULT CURRENT_TIMESTAMP COMMENT 'Fecha de ingreso del registro',
  PRIMARY KEY (`id`),
  UNIQUE KEY `id_UNIQUE` (`id`)
) ENGINE=InnoDB  DEFAULT CHARSET=utf8 COLLATE=utf8_bin COMMENT='Informaci&oacute;n general del sitio' AUTO_INCREMENT=2 ;

--
-- Volcado de datos para la tabla `tbla_infg`
--

INSERT INTO `tbla_infg` (`id`, `infg_cert`, `infg_trmu`, `infg_avsl`, `infg_ieft`, `infg_estd`, `infg_freg`) VALUES
(1, '<p>Fabricamos bajo la norma t&eacute;cnica Colombiana <strong>NTC ISO 9001:2008</strong>- Sistemas de Gesti&oacute;n de la Calidad, <strong>NTC-ISO 20344- </strong>Equipo de Protecci&oacute;n Personal y <strong>NTC-ISO 20345-</strong> Equipo de Protecci&oacute;n Individual.</p>\r\n', '<p>dsffd</p>\r\n', '<h1>Aviso legal</h1>\r\n\r\n<h4 style="text-align:justify">DATOS GENERALES</h4>\r\n\r\n<p style="text-align:justify"><strong>De acuerdo con el art&iacute;culo 10 de la Ley 34/2002, de 11 de julio, de Servicios de la Sociedad de la Informaci&oacute;n y de Comercio Electr&oacute;nico ponemos a su disposici&oacute;n los siguientes datos:</strong></p>\r\n\r\n<p style="text-align:justify"><span style="color:blue">(Nombre de la empresa)</span>&nbsp;est&aacute; domiciliada en la calle&nbsp;<span style="color:blue">(direcci&oacute;n fiscal de la empresa)</span>, con CIF&nbsp;<span style="color:blue">(n&uacute;mero correspondiente)</span>. Inscrita en el Registro Mercantil de&nbsp;<span style="color:blue">(ciudad en la que se encuentre dicho registro)</span>, Vol.&nbsp;<span style="color:blue">(n&uacute;mero correspondiente)</span>, Folio<span style="color:blue">(n&uacute;mero correspondiente)</span>, Hoja&nbsp;<span style="color:blue">(n&uacute;mero correspondiente)</span>, Inscripci&oacute;n&nbsp;<span style="color:blue">(n&uacute;mero correspondiente)</span>.</p>\r\n\r\n<p style="text-align:justify">En la web&nbsp;<span style="color:blue">(p&aacute;gina web de la empresa)</span>&nbsp;hay una serie de contenidos de car&aacute;cter informativo sobre&nbsp;<span style="color:blue">(contenido de la web o explicaci&oacute;n de su actividad)</span>.</p>\r\n\r\n<p style="text-align:justify"><strong>Su principal objetivo</strong>&nbsp;es facilitar a los clientes y al p&uacute;blico en general, la informaci&oacute;n relativa a la empresa, a los productos y servicios que se ofrecen&nbsp;<span style="color:blue">(esto se puede modificar seg&uacute;n la actividad a la que se dedique la empresa).</span></p>\r\n\r\n<h4 style="text-align:justify">POL&Iacute;TICA DE PRIVACIDAD</h4>\r\n\r\n<p style="text-align:justify">En cumplimiento de lo dispuesto en&nbsp;<strong>la Ley Org&aacute;nica 15/1999, de 13 de Diciembre, de Protecci&oacute;n de Datos de Car&aacute;cter Personal (LOPD)&nbsp;</strong>se informa al usuario que todos los datos que nos proporcione ser&aacute;n incorporados a un fichero, creado y mantenido bajo la responsabilidad de&nbsp;<span style="color:blue">(nombre de la empresa)</span></p>\r\n\r\n<p style="text-align:justify">Siempre<strong>&nbsp;se va a respetar la confidencialidad de sus datos personales</strong>que s&oacute;lo ser&aacute;n utilizados con la finalidad de gestionar los servicios ofrecidos, atender a las solicitudes que nos plantee, realizar tareas administrativas, as&iacute; como remitir informaci&oacute;n t&eacute;cnica, comercial o publicitaria por v&iacute;a ordinaria o electr&oacute;nica.</p>\r\n\r\n<p style="text-align:justify">Para ejercer sus&nbsp;<strong>derechos de oposici&oacute;n, rectificaci&oacute;n o cancelaci&oacute;n</strong>deber&aacute; dirigirse a la sede de la empresa&nbsp;<span style="color:blue">(direcci&oacute;n de la empresa)</span>, escribirnos al siguiente correo&nbsp;<span style="color:blue">(email de contacto de la empresa)</span>&nbsp;o ll&aacute;manos al&nbsp;<span style="color:blue">(n&uacute;mero de tel&eacute;fono)</span>.</p>\r\n\r\n<h4 style="text-align:justify">CONDICIONES DE USO</h4>\r\n\r\n<p><strong>Las condiciones de acceso y uso del presente sitio web se rigen por la legalidad vigente y por el principio de buena fe</strong>&nbsp;comprometi&eacute;ndose el usuario a realizar un buen uso de la web. No se permiten conductas que vayan contra la ley, los derechos o intereses de terceros.</p>\r\n\r\n<p style="text-align:justify">Ser usuario de la web de&nbsp;<span style="color:blue">(p&aacute;gina web de la empresa)</span>&nbsp;implica que reconoce haber le&iacute;do y aceptado las presentes condiciones y lo que las extienda la normativa legal aplicable en esta materia. Si por el motivo que fuere no est&aacute; de acuerdo con estas condiciones no contin&uacute;e usando esta web.</p>\r\n\r\n<p style="text-align:justify"><strong>Cualquier tipo de notificaci&oacute;n y/o reclamaci&oacute;n solamente ser&aacute; v&aacute;lida por notificaci&oacute;n escrita y/o correo certificado.</strong></p>\r\n\r\n<h4 style="text-align:justify">RESPONSABILIDADES</h4>\r\n\r\n<p style="text-align:justify"><span style="color:blue">(Nombre de la empresa)</span>&nbsp;<strong>no se hace responsable de la informaci&oacute;n y contenidos almacenados en foros, redes sociales o cualesquier otro medio</strong>&nbsp;que permita a terceros publicar contenidos de forma independiente en la p&aacute;gina web del prestador.</p>\r\n\r\n<p style="text-align:justify">Sin embargo, teniendo en cuenta los art. 11 y 16 de la LSSI-CE,&nbsp;<span style="color:blue">(nombre de la empresa)</span><strong>&nbsp;se compromete a la retirada o en su caso bloqueo de aquellos contenidos que pudieran afectar o contravenir la legislaci&oacute;n nacional o internacional</strong>, derechos de terceros o la moral y el orden p&uacute;blico.</p>\r\n\r\n<p style="text-align:justify"><strong>Tampoco la empresa se responsabilizar&aacute; de los da&ntilde;os y perjuicios que se produzcan por fallos o malas configuraciones del software instalado en el ordenador del internauta.</strong>&nbsp;Se excluye toda responsabilidad por alguna incidencia t&eacute;cnica o fallo que se produzca cuando el usuario se conecte a internet. Igualmente no se garantiza la inexistencia de interrupciones o errores en el acceso al sitio web.</p>\r\n\r\n<p style="text-align:justify">As&iacute; mismo,&nbsp;<span style="color:blue">(nombre de la empresa)</span>&nbsp;<strong>se reserva el derecho a actualizar, modificar o eliminar la informaci&oacute;n contenida en su p&aacute;gina web</strong>, as&iacute; como la configuraci&oacute;n o presentaci&oacute;n del mismo, en cualquier momento sin asumir alguna responsabilidad por ello.</p>\r\n\r\n<p style="text-align:justify">Le comunicamos que cualquier precio que pueda ver en nuestra web ser&aacute; solamente orientativo. Si el usuario desea saber con exactitud el precio o si el producto en el momento actual cuenta con alguna oferta de la cual se puede beneficiar ha de acudir a alguna de las tiendas f&iacute;sicas con las que cuenta&nbsp;<span style="color:blue">(nombre de la empresa)</span></p>\r\n\r\n<h4 style="text-align:justify">PROPIEDAD INTELECTUAL E INDUSTRIAL</h4>\r\n\r\n<p style="text-align:justify"><span style="color:blue">(Nombre de la empresa)</span><strong>&nbsp;es titular de todos los derechos sobre el software de la publicaci&oacute;n digital as&iacute; como de los derechos de propiedad industrial e intelectual referidos a los contenidos que se incluyan</strong>, a excepci&oacute;n de los derechos sobre productos y servicios de car&aacute;cter p&uacute;blico que no son propiedad de esta empresa.</p>\r\n\r\n<p style="text-align:justify"><strong>Ning&uacute;n material publicado en esta web podr&aacute; ser reproducido, copiado o publicado</strong>&nbsp;sin el consentimiento por escrito de&nbsp;<span style="color:blue">(nombre de la empresa)</span></p>\r\n\r\n<p style="text-align:justify"><strong>Toda la informaci&oacute;n que se reciba en la web, como comentarios, sugerencias o ideas, se considerar&aacute; cedida</strong>&nbsp;a&nbsp;<span style="color:blue">(nombre de la empresa)</span>&nbsp;de manera gratuita. No debe enviarse informaci&oacute;n que NO pueda ser tratada de este modo.</p>\r\n\r\n<p style="text-align:justify">Todos los productos y servicios de estas p&aacute;ginas que NO son propiedad de<span style="color:blue">(nombre de la empresa)</span>&nbsp;son marcas registradas de sus respectivos propietarios y son reconocidas como tales por nuestra empresa. Solamente aparecen en la web de&nbsp;<span style="color:blue">(nombre de la empresa)</span>&nbsp;a efectos de promoci&oacute;n y de recopilaci&oacute;n de informaci&oacute;n. Estos propietarios pueden solicitar la modificaci&oacute;n o eliminaci&oacute;n de la informaci&oacute;n que les pertenece.</p>\r\n\r\n<h4 style="text-align:justify">LEY APLICABLE Y JURISDICCI&Oacute;N</h4>\r\n\r\n<p style="text-align:justify"><strong>Las presentes condiciones generales se rigen por la legislaci&oacute;n espa&ntilde;ola.</strong>&nbsp;Para cualquier litigio que pudiera surgir relacionado con el sitio web o la actividad que en &eacute;l se desarrolla ser&aacute;n competentes Juzgados de&nbsp;<span style="color:blue">(lugar en el que le sea m&aacute;s f&aacute;cil a la empresa llegar, normalmente es la ciudad en la que se encuentra ubicada)</span>, renunciando expresamente el usuario a cualquier otro fuero que pudiera corresponderle.</p>\r\n\r\n<h4 style="text-align:justify">POL&Iacute;TICA DE COOKIES</h4>\r\n\r\n<p style="text-align:justify"><span style="color:rgb(0, 0, 255)">(Nombre de la empresa)</span>&nbsp;<strong>por su propia cuenta o la de un tercero contratado para prestaci&oacute;n de servicios de medici&oacute;n, pueden utilizar cookies cuando el usuario navega por el sitio web. Las cookies son ficheros enviados al navegador por medio de un servicio web con la finalidad de registrar las actividades del usuario durante su tiempo de navegaci&oacute;n.</strong></p>\r\n\r\n<p style="text-align:justify">Las cookies utilizadas se asocian &uacute;nicamente con un usuario an&oacute;nimo y su ordenador, y no proporcionan por s&iacute; mismas los datos personales del usuario.</p>\r\n\r\n<p style="text-align:justify"><strong>Mediante el uso de las cookies resulta posible que el servidor donde se encuentra la web reconozca el navegador web utilizado por el usuario con la finalidad de que la navegaci&oacute;n sea m&aacute;s sencilla.&nbsp;</strong>Se utilizan tambi&eacute;n para medir la audiencia y par&aacute;metros del tr&aacute;fico, controlar el proceso y n&uacute;mero de entradas.</p>\r\n\r\n<p style="text-align:justify"><strong>El usuario tiene la posibilidad de configurar su navegador para ser avisado de la recepci&oacute;n de cookies y para impedir su instalaci&oacute;n en su equipo.</strong>&nbsp;Por favor consulte las instrucciones y manuales de su navegador para ampliar esta informaci&oacute;n.</p>\r\n\r\n<p style="text-align:justify">Para utilizar el sitio web no es necesario que el usuario permita la instalaci&oacute;n de las cookies enviadas al sitio web, o el tercero que act&uacute;e en su nombre, sin perjuicio de que sea necesario que el usuario inicie una sesi&oacute;n tal en cada uno de los servicios cuya prestaci&oacute;n requiera el previo registro.</p>\r\n\r\n<p style="text-align:justify">En todo caso&nbsp;<strong>las cookies tienen un car&aacute;cter temporal</strong>&nbsp;con la &uacute;nica finalidad de hacer m&aacute;s eficaz su transmisi&oacute;n ulterior. En ning&uacute;n caso se utilizar&aacute; cookies para recoger informaci&oacute;n de car&aacute;cter personal.</p>\r\n', '<p>El principal compromiso de saga es suplir todas las areas, petrolera, minera, el&eacute;ctrica, industrial, metal&uacute;rgica, construcci&oacute;n y donde se requiriera de la seguridad personal y protecci&oacute;n del trabajador, consolid&aacute;ndose as&iacute; como el calzado l&iacute;der del mercado.</p>\r\n', 1, '2016-07-04 23:40:08');

-- --------------------------------------------------------

--
-- Estructura de tabla para la tabla `tbla_lcct`
--

CREATE TABLE IF NOT EXISTS `tbla_lcct` (
  `id` bigint(20) unsigned NOT NULL AUTO_INCREMENT COMMENT 'Serial de la tabla',
  `lcct_nomb` varchar(145) NOT NULL COMMENT 'Nombre del tipo de licor',
  `lcct_estd` tinyint(1) NOT NULL COMMENT 'Estado del registro',
  `lcct_freg` timestamp NOT NULL DEFAULT CURRENT_TIMESTAMP COMMENT 'Fecha de ingreso del registro',
  PRIMARY KEY (`id`),
  UNIQUE KEY `id_UNIQUE` (`id`),
  UNIQUE KEY `lctp_nomb_UNIQUE` (`lcct_nomb`)
) ENGINE=InnoDB DEFAULT CHARSET=latin1 COMMENT='Licores Categor&iacute;s' AUTO_INCREMENT=1 ;

-- --------------------------------------------------------

--
-- Estructura de tabla para la tabla `tbla_lcmc`
--

CREATE TABLE IF NOT EXISTS `tbla_lcmc` (
  `id` bigint(20) unsigned NOT NULL AUTO_INCREMENT COMMENT 'Serial de la tabla',
  `lcmc_nomb` varchar(145) NOT NULL COMMENT 'Nombre de la marca del licor',
  `lcmc_desc` text NOT NULL COMMENT 'Descripci&oacute;n de la marca del licor',
  `lcmc_logo` varchar(145) NOT NULL COMMENT 'Logo de la marca del licor',
  `lcmc_estd` tinyint(1) NOT NULL COMMENT 'Estado del registro',
  `lcmc_freg` timestamp NOT NULL DEFAULT CURRENT_TIMESTAMP COMMENT 'Fecha de ingreso del registro',
  PRIMARY KEY (`id`),
  UNIQUE KEY `id_UNIQUE` (`id`),
  UNIQUE KEY `lcmc_nomb_UNIQUE` (`lcmc_nomb`)
) ENGINE=InnoDB DEFAULT CHARSET=latin1 COMMENT='Marcas de licores' AUTO_INCREMENT=1 ;

-- --------------------------------------------------------

--
-- Estructura de tabla para la tabla `tbla_lcor`
--

CREATE TABLE IF NOT EXISTS `tbla_lcor` (
  `id` bigint(20) unsigned NOT NULL AUTO_INCREMENT COMMENT 'Serial de la tabla',
  `lcor_lctp` bigint(20) unsigned NOT NULL COMMENT 'Tipo de licor',
  `lcor_lcmc` bigint(20) unsigned NOT NULL COMMENT 'Marca del licor',
  `lcor_lcct` bigint(20) unsigned NOT NULL COMMENT 'categor&iacute;a del licor',
  `lcor_nomb` varchar(145) NOT NULL COMMENT 'Nombre del licor',
  `lcor_desc` text NOT NULL COMMENT 'Descripci&oacute;n corta del licor',
  `lcor_imgn` varchar(145) NOT NULL COMMENT 'imagen del licor',
  `lcor_prec` decimal(10,2) NOT NULL COMMENT 'Precio',
  `lcor_estd` tinyint(1) NOT NULL COMMENT 'Estado del registro',
  `lcor_freg` timestamp NOT NULL DEFAULT CURRENT_TIMESTAMP COMMENT 'Fecha de ingreso del registro',
  PRIMARY KEY (`id`),
  UNIQUE KEY `id_UNIQUE` (`id`),
  KEY `fk_tbla_lcor_1_idx` (`lcor_lcmc`),
  KEY `fk_tbla_lcor_2_idx` (`lcor_lctp`),
  KEY `fk_tbla_lcor_3_idx` (`lcor_lcct`)
) ENGINE=InnoDB DEFAULT CHARSET=latin1 COMMENT='Licores' AUTO_INCREMENT=1 ;

-- --------------------------------------------------------

--
-- Estructura de tabla para la tabla `tbla_lctp`
--

CREATE TABLE IF NOT EXISTS `tbla_lctp` (
  `id` bigint(20) unsigned NOT NULL AUTO_INCREMENT COMMENT 'Serial de la tabla',
  `lctp_nomb` varchar(145) NOT NULL COMMENT 'Nombre del tipo de licor',
  `lctp_estd` tinyint(1) NOT NULL COMMENT 'Estado del registro',
  `lctp_freg` timestamp NOT NULL DEFAULT CURRENT_TIMESTAMP COMMENT 'Fecha de ingreso del registro',
  PRIMARY KEY (`id`),
  UNIQUE KEY `id_UNIQUE` (`id`),
  UNIQUE KEY `lctp_nomb_UNIQUE` (`lctp_nomb`)
) ENGINE=InnoDB DEFAULT CHARSET=latin1 COMMENT='Licores' AUTO_INCREMENT=1 ;

-- --------------------------------------------------------

--
-- Estructura de tabla para la tabla `tbla_mail`
--

CREATE TABLE IF NOT EXISTS `tbla_mail` (
  `id` bigint(20) unsigned NOT NULL AUTO_INCREMENT COMMENT 'Serial de la tabla',
  `mail_dirc` varchar(100) COLLATE utf8_bin NOT NULL COMMENT 'Direccion de correo',
  `mail_estd` tinyint(1) NOT NULL COMMENT 'Estado del registro',
  `mail_freg` timestamp NOT NULL DEFAULT CURRENT_TIMESTAMP COMMENT 'Fecha de ingreso del registro',
  PRIMARY KEY (`id`),
  UNIQUE KEY `id` (`id`),
  UNIQUE KEY `mail_dirc_UNIQUE` (`mail_dirc`)
) ENGINE=InnoDB DEFAULT CHARSET=utf8 COLLATE=utf8_bin COMMENT='Direcciones de Correo' AUTO_INCREMENT=1 ;

-- --------------------------------------------------------

--
-- Estructura de tabla para la tabla `tbla_marc`
--

CREATE TABLE IF NOT EXISTS `tbla_marc` (
  `id` bigint(20) unsigned NOT NULL AUTO_INCREMENT COMMENT 'Serial de la tabla',
  `marc_nomb` varchar(145) COLLATE utf8_bin NOT NULL COMMENT 'Nombre de la marca',
  `marc_logo` varchar(145) COLLATE utf8_bin NOT NULL COMMENT 'Imagen de la marca a color',
  `marc_logb` varchar(145) COLLATE utf8_bin NOT NULL COMMENT 'Logotipo blanco para fondo oscuro',
  `marc_link` varchar(145) COLLATE utf8_bin NOT NULL COMMENT 'Enlace a p&aacute;gina web',
  `marc_ccss` varchar(45) COLLATE utf8_bin NOT NULL COMMENT 'Clase CSS del color de fondo para el conteneor en el inicio',
  `marc_estd` tinyint(1) NOT NULL COMMENT 'estado del registro',
  `marc_slgn` varchar(145) COLLATE utf8_bin NOT NULL COMMENT 'Slogan de la marca',
  `marc_desc` text COLLATE utf8_bin NOT NULL COMMENT 'Rese&ntilde;a de la marca',
  `marc_freg` timestamp NOT NULL DEFAULT CURRENT_TIMESTAMP COMMENT 'Fecha de ingreso del registro',
  PRIMARY KEY (`id`),
  UNIQUE KEY `id_UNIQUE` (`id`),
  UNIQUE KEY `marc_nomb_UNIQUE` (`marc_nomb`),
  UNIQUE KEY `marc_imgn_UNIQUE` (`marc_logo`)
) ENGINE=InnoDB  DEFAULT CHARSET=utf8 COLLATE=utf8_bin COMMENT='Marcas de los productos' AUTO_INCREMENT=4 ;

--
-- Volcado de datos para la tabla `tbla_marc`
--

INSERT INTO `tbla_marc` (`id`, `marc_nomb`, `marc_logo`, `marc_logb`, `marc_link`, `marc_ccss`, `marc_estd`, `marc_slgn`, `marc_desc`, `marc_freg`) VALUES
(1, 'Kamila', 'logo_kamila_color_x450.png', 'logo_kamila_light_x450.png', 'http://www.kamilasand.com', 'bg_color_red', 1, 'Moda, calidad, estilo y confort.', '<p>Bajo la m&aacute;s hermosa y moderna l&iacute;nea de zapatos (bailarinas, salones, sandalias)&nbsp; traemos para ustedes Kamila, una innovadora marca de calzado para damas, que se ocupa de que cada detalle cuente, es as&iacute; como haciendo benchmarking, de las marcas m&aacute;s reconocidas en el mundo podemos presentar a ustedes un zapato de calidad y confort competitivo, dirigido a la mujer joven, audaz, inteligente, que siempre est&aacute; pendiente de lucir &uacute;nica en cada ocasi&oacute;n, pero que adem&aacute;s sabe que el confort es importante para no solo sentirse, sino ser realmente bella. Kamila es esa amiga ideal c&oacute;mplice de tus mejores momentos, que va contigo a todos lados, que marca cada uno de tus pasos y har&aacute; lo que sea para que siempre brilles. Kamila divina</p>\r\n', '2018-12-21 05:13:13'),
(2, 'Coast Sand', 'logo_coast_sand_color_x450px.png', 'logo_coastsand_light_x450.png', 'http://www.coast-sand.com', 'bg_color_green', 1, 'Libera tus pies y marca el estilo con cada paso que des ', '<p>El presentar toda una l&iacute;nea de sandalias para hombres, ha sido un reto que hemos asumido con mucha responsabilidad, Coast esta creado para ese hombre comprometido con sus sue&ntilde;os que sabe que para alcanzar sus ideales debe entregar el 100% pero siempre seguro que todo esfuerzo vale la pena, as&iacute; son nuestras sandalias Coast, vers&aacute;tiles, capaces de apoyarte en tu andar haciendo firme y seguro cada uno de tus pasos, mostrando la coherencia que hay entre tus sue&ntilde;os y la determinaci&oacute;n que aplicas para lograrlos. Coast te entiende.</p>\r\n', '2018-12-21 05:13:27'),
(3, 'Chikilingo', 'logo_chikilingo_color_450.png', 'logo_chikilingo_light_x450.png', 'http://www.chikilingo.com', 'bg_color_blue', 1, 'Haciendo que sus primeros pasos se iluminen desde el principio', '<p>En cada sonrisa que dibuja un ni&ntilde;o est&aacute;n las esperanzas de un mundo mejor, Chikilingo es nuestra l&iacute;nea de calzado para los m&aacute;s peque&ntilde;os, zapato anat&oacute;micamente dise&ntilde;ado para fortalecer las motricidades gruesas y permitir el normal y sano de desarrollo de nuestros ni&ntilde;os, acompa&ntilde;&aacute;ndolos en sus primeros pasos, donde justamente se forjan las m&aacute;s lindas experiencias, de cara a un futuro siempre prometedor lleno de ilusiones y retos. Chikilingo ni&ntilde;os seguros y felices.</p>\r\n', '2018-12-21 05:13:36');

-- --------------------------------------------------------

--
-- Estructura de tabla para la tabla `tbla_mdlo`
--

CREATE TABLE IF NOT EXISTS `tbla_mdlo` (
  `id` bigint(20) unsigned NOT NULL AUTO_INCREMENT COMMENT 'Serial de la tabla',
  `mdlo_nomb` varchar(100) CHARACTER SET utf8 NOT NULL COMMENT 'Nombre del M&oacute;dulo',
  `mdlo_icon` varchar(60) COLLATE utf8_bin NOT NULL COMMENT 'Icono del m&oacute;dulo',
  `mdlo_secc` bigint(20) unsigned NOT NULL COMMENT 'Secci&oacute;n a la que pertenece el m&oacute;dulo',
  `mdlo_code` varchar(145) COLLATE utf8_bin NOT NULL COMMENT 'C&oacute;digo de seguridad del m&oacute;dulo',
  `mdlo_arch` varchar(145) COLLATE utf8_bin NOT NULL COMMENT 'Archivo de entrada para el vinculo del m&oacute;dulo',
  `mdlo_oper` tinyint(1) NOT NULL COMMENT 'M&oacute;dulo con operciones de consulta, inserci&oacute;n, edici&oacute;n y eliminaci&oacute;n de registros',
  `mdlo_estd` tinyint(1) NOT NULL COMMENT 'Estado del registro',
  `mdlo_freg` timestamp NOT NULL DEFAULT CURRENT_TIMESTAMP COMMENT 'Fecha de ingreso del registro',
  PRIMARY KEY (`id`),
  UNIQUE KEY `id` (`id`),
  UNIQUE KEY `mdlo_nomb_UNIQUE` (`mdlo_nomb`),
  KEY `fk_tbla_mdlo_1_idx` (`mdlo_secc`)
) ENGINE=InnoDB  DEFAULT CHARSET=utf8 COLLATE=utf8_bin COMMENT='M&oacute;dulos del sistema' AUTO_INCREMENT=43 ;

--
-- Volcado de datos para la tabla `tbla_mdlo`
--

INSERT INTO `tbla_mdlo` (`id`, `mdlo_nomb`, `mdlo_icon`, `mdlo_secc`, `mdlo_code`, `mdlo_arch`, `mdlo_oper`, `mdlo_estd`, `mdlo_freg`) VALUES
(1, 'Gestor de Archivos', 'fa-archive', 1, 'MD-GFILES', 'adms_gestor_archivos.php', 0, 1, '2016-08-06 00:45:20'),
(2, 'Administradores', 'fa-user', 1, 'MD-ADMIN', 'adms_administradores.php', 1, 1, '2016-08-06 17:31:24'),
(3, 'Secciones', 'fa-bars', 1, 'MD-SECCIONES', 'adms_secciones.php', 1, 1, '2016-08-06 17:34:57'),
(4, 'M&oacute;dulos', 'fa-th-large', 1, 'MD-MODULOS', 'adms_modulos.php', 1, 1, '2016-08-06 17:40:32'),
(5, ' Auditoria del Sistema', 'fa-clipboard', 1, 'MD-AUDITORIA', 'adms_auditoria_del_sistema.php', 0, 1, '2016-08-09 20:03:28'),
(6, 'Historial de Sesiones', 'fa-unlock-alt', 1, 'MD-SESSIONES', 'adms_sessiones_de_usuario.php', 0, 1, '2016-08-09 20:16:40'),
(7, 'Preferencias', 'fa-gears', 1, 'MD-PREF', 'adms_preferencias.php', 0, 1, '2016-08-09 20:31:38'),
(8, 'Aviso al Inicio', 'fa-buysellads', 2, 'MD-AVISO', 'adms_aviso_al_inicio.php', 0, 1, '2016-08-09 20:44:59'),
(9, 'Contacto', 'fa-credit-card', 3, 'MD-CONTACTO', 'adms_contacto.php', 0, 1, '2016-08-09 20:50:10'),
(10, 'Correos Suscritos', 'fa-envelope', 3, 'MD-MAILS-SUSCRT', 'adms_correos_suscritos.php', 1, 1, '2016-08-09 20:55:44'),
(14, 'Eventos', 'fa-google-wallet', 4, 'MD-EVNTS', 'adms_eventos.php', 1, 1, '2016-08-10 19:42:24'),
(15, 'Eventos - Categor&iacute;as ', 'fa-google-wallet', 4, 'MD-EVNTS-CTGR', 'adms_eventos_categorias.php', 1, 1, '2016-08-10 19:48:13'),
(16, 'Empresa', 'fa-building-o', 6, 'MD-QMOS', 'adms_quienes_somos.php', 0, 1, '2016-08-10 19:49:11'),
(17, 'Mesas - Tipos', 'fa-cubes', 9, 'MD-MESTP', 'adms_mesas_tipos.php', 1, 1, '2016-08-10 19:54:45'),
(21, 'Informaci&oacute;n General', 'fa-comment', 2, 'MD-INFO-G', 'adms_informacion_general.php', 0, 0, '2016-08-10 22:20:44'),
(22, 'Redes Sociales', 'fa-thumbs-o-up', 3, 'MD-REDES-S', 'adms_redes_sociales.php', 1, 1, '2016-08-10 22:22:16'),
(23, 'Banners', 'fa-film', 2, 'MD-SLIDER', 'adms_slider.php', 1, 1, '2016-08-10 22:26:10'),
(31, 'Mesas', 'fa-cubes', 9, 'MD-MESAS', 'adms_mesas.php', 1, 1, '2017-03-05 19:53:44'),
(32, 'Tasas de cambio', 'fa-money', 8, 'MD-TASAS', 'adms_tasas_de_cambio.php', 1, 1, '2017-04-02 22:52:36'),
(33, 'Licores - Tipos', 'fa-beer', 5, 'MD-LCRS-T', 'adms_licores_tipos.php', 1, 1, '2017-04-02 23:03:02'),
(34, 'Licores - Categor&iacute;as', 'fa-beer', 5, 'MD-LCRS-C', 'adms_licores_categorias.php', 1, 1, '2017-04-03 00:11:28'),
(35, 'Licores', 'fa-beer', 5, 'MD-LCRS', 'adms_licores.php', 1, 1, '2017-04-03 00:59:59'),
(36, 'Licores - Marcas', 'fa-beer', 5, 'MD-LCRS-M', 'adms_licores_marcas.php', 1, 1, '2017-04-16 21:47:29'),
(37, 'Presentaci&oacute;n', 'fa-building', 6, 'MD-PRES_SLDR', 'adms_presentacion.php', 1, 1, '2019-01-20 23:21:52'),
(38, 'Objetivos', 'fa-building', 6, 'MD-OBJT', 'adms_objetivos.php', 1, 1, '2019-01-22 04:20:00'),
(39, 'Usuarios', 'fa-group', 6, 'MD-USERS', 'adms_usuarios.php', 1, 1, '2019-02-02 06:16:07'),
(40, 'Platos', 'fa-cutlery', 7, 'MD-PLTS', 'adms_platos.php', 1, 1, '2019-02-17 04:14:19'),
(41, 'Platos - Categor&iacute;as', 'fa-cutlery', 7, 'MD-PLTS-C', 'adms_platos_categorias.php', 1, 1, '2019-02-17 04:17:05'),
(42, 'Mesas - Categor&iacute;a', 'fa-cubes', 9, 'MD-MESCT', 'adms_mesas_categoria.php', 1, 1, '2019-02-25 06:48:27');

-- --------------------------------------------------------

--
-- Estructura de tabla para la tabla `tbla_mesa`
--

CREATE TABLE IF NOT EXISTS `tbla_mesa` (
  `id` bigint(20) unsigned NOT NULL AUTO_INCREMENT COMMENT 'Serial de la tabla',
  `mesa_nmro` int(11) NOT NULL COMMENT 'N&uacute;mero de mesa',
  `mesa_mstp` bigint(20) unsigned NOT NULL COMMENT 'Tipo de mesa',
  `mesa_cpcd` int(11) NOT NULL COMMENT 'Capacidad de personas que pueden ocupar la mesa',
  `mesa_cori` int(11) NOT NULL COMMENT 'Cordenada de la mesa en el n&uacute;mero de filas',
  `mesa_corj` int(11) NOT NULL COMMENT 'Coordenada de la mesa en el numero de columna',
  `mesa_msvp` bigint(20) unsigned NOT NULL COMMENT 'Categor&iacute;a de la mesa (si es VIP o mesa corriente)',
  `mesa_estd` tinyint(1) NOT NULL COMMENT 'Estado del registro',
  `mesa_freg` timestamp NOT NULL DEFAULT CURRENT_TIMESTAMP COMMENT 'Fecha de ingerso del registro',
  PRIMARY KEY (`id`),
  UNIQUE KEY `mesa_id_UNIQUE` (`id`),
  UNIQUE KEY `mesa_nmro_UNIQUE` (`mesa_nmro`),
  KEY `fk_tbla_mesa_1_idx` (`mesa_mstp`),
  KEY `fk_tbla_mesa_2_idx` (`mesa_msvp`)
) ENGINE=InnoDB  DEFAULT CHARSET=latin1 COMMENT='Mesas para reservar' AUTO_INCREMENT=31 ;

--
-- Volcado de datos para la tabla `tbla_mesa`
--

INSERT INTO `tbla_mesa` (`id`, `mesa_nmro`, `mesa_mstp`, `mesa_cpcd`, `mesa_cori`, `mesa_corj`, `mesa_msvp`, `mesa_estd`, `mesa_freg`) VALUES
(1, 1, 1, 8, 17, 21, 1, 1, '2019-02-03 08:54:41'),
(2, 2, 1, 4, 19, 18, 2, 1, '2019-02-03 08:54:45'),
(3, 3, 1, 4, 19, 15, 2, 1, '2019-02-03 08:54:49'),
(4, 4, 1, 4, 19, 12, 2, 1, '2019-02-03 08:54:54'),
(5, 5, 1, 4, 15, 26, 1, 1, '2019-02-03 08:55:00'),
(6, 6, 1, 4, 14, 23, 1, 1, '2019-02-03 08:55:04'),
(7, 7, 1, 4, 12, 21, 2, 1, '2019-02-03 08:55:08'),
(8, 8, 1, 4, 11, 19, 2, 1, '2019-02-03 08:55:12'),
(9, 9, 1, 4, 10, 16, 2, 1, '2019-02-03 08:55:16'),
(10, 10, 4, 4, 15, 16, 2, 1, '2019-02-03 08:55:20'),
(11, 11, 0, 0, 0, 0, 0, 1, '2019-02-03 08:55:24'),
(12, 12, 4, 4, 17, 14, 2, 1, '2019-02-03 08:55:28'),
(13, 13, 4, 4, 15, 12, 2, 1, '2019-02-03 08:55:32'),
(14, 14, 4, 4, 14, 13, 2, 1, '2019-02-03 08:55:37'),
(15, 15, 0, 0, 0, 0, 0, 1, '2019-02-03 08:55:41'),
(16, 16, 0, 0, 0, 0, 0, 1, '2019-02-03 08:55:45'),
(17, 17, 0, 0, 0, 0, 0, 1, '2019-02-03 08:55:50'),
(18, 18, 0, 0, 0, 0, 0, 1, '2019-02-03 08:55:54'),
(19, 19, 0, 0, 0, 0, 0, 1, '2019-02-03 08:55:58'),
(20, 20, 0, 0, 0, 0, 0, 1, '2019-02-03 08:56:03'),
(21, 21, 0, 0, 0, 0, 0, 1, '2019-02-03 08:56:07'),
(22, 22, 0, 0, 0, 0, 0, 1, '2019-02-03 08:56:11'),
(23, 23, 0, 0, 0, 0, 0, 1, '2019-02-03 08:56:16'),
(24, 24, 0, 0, 0, 0, 0, 1, '2019-02-03 08:56:21'),
(25, 25, 0, 0, 0, 0, 0, 1, '2019-02-03 08:56:25'),
(26, 26, 0, 0, 0, 0, 0, 1, '2019-02-03 08:56:29'),
(27, 27, 0, 0, 0, 0, 0, 1, '2019-02-03 08:56:34'),
(28, 28, 0, 0, 0, 0, 0, 1, '2019-02-03 08:56:39'),
(29, 29, 0, 0, 0, 0, 0, 1, '2019-02-03 08:56:43'),
(30, 30, 0, 0, 0, 0, 0, 1, '2019-02-03 08:56:47');

-- --------------------------------------------------------

--
-- Estructura de tabla para la tabla `tbla_mstp`
--

CREATE TABLE IF NOT EXISTS `tbla_mstp` (
  `id` bigint(20) unsigned NOT NULL AUTO_INCREMENT COMMENT 'Serial de la tabla',
  `mstp_nomb` varchar(145) NOT NULL COMMENT 'Nombre del tipo de mesa',
  `mstp_icon` varchar(45) NOT NULL COMMENT 'Nombre de la clase de icon font de flaticon para la mesa',
  `mstp_estd` tinyint(1) NOT NULL COMMENT 'Estado del registro',
  `mstp_freg` timestamp NOT NULL DEFAULT CURRENT_TIMESTAMP COMMENT 'Fecha d eingreso del registro',
  PRIMARY KEY (`id`),
  UNIQUE KEY `id_UNIQUE` (`id`),
  UNIQUE KEY `mstp_nomb_UNIQUE` (`mstp_nomb`)
) ENGINE=InnoDB  DEFAULT CHARSET=latin1 COMMENT='Tipos de mes' AUTO_INCREMENT=5 ;

--
-- Volcado de datos para la tabla `tbla_mstp`
--

INSERT INTO `tbla_mstp` (`id`, `mstp_nomb`, `mstp_icon`, `mstp_estd`, `mstp_freg`) VALUES
(1, 'Mesa Normal', 'flaticon-man', 1, '2019-02-25 05:53:23'),
(2, 'Mesa sin Sillas', 'flaticon-event', 1, '2019-02-25 06:27:59'),
(3, 'Mueble Modular ', 'flaticon-sofa-11', 1, '2019-02-25 06:30:44'),
(4, 'Mueble Central', 'flaticon-chair-1', 1, '2019-02-25 06:37:27');

-- --------------------------------------------------------

--
-- Estructura de tabla para la tabla `tbla_msvp`
--

CREATE TABLE IF NOT EXISTS `tbla_msvp` (
  `id` bigint(20) unsigned NOT NULL AUTO_INCREMENT COMMENT 'Serial de la tabla',
  `msvp_nomb` varchar(145) NOT NULL COMMENT 'Nombre del tipo de mesa',
  `msvp_estd` tinyint(1) NOT NULL COMMENT 'Estado del registro',
  `msvp_freg` timestamp NOT NULL DEFAULT CURRENT_TIMESTAMP COMMENT 'Fecha d eingreso del registro',
  PRIMARY KEY (`id`),
  UNIQUE KEY `id_UNIQUE` (`id`),
  UNIQUE KEY `msvp_nomb_UNIQUE` (`msvp_nomb`)
) ENGINE=InnoDB  DEFAULT CHARSET=latin1 COMMENT='Categor&iacute;a de la mesa' AUTO_INCREMENT=3 ;

--
-- Volcado de datos para la tabla `tbla_msvp`
--

INSERT INTO `tbla_msvp` (`id`, `msvp_nomb`, `msvp_estd`, `msvp_freg`) VALUES
(1, 'VIP', 1, '2019-02-25 06:52:05'),
(2, 'Normal', 1, '2019-02-25 06:52:12');

-- --------------------------------------------------------

--
-- Estructura de tabla para la tabla `tbla_pltp`
--

CREATE TABLE IF NOT EXISTS `tbla_pltp` (
  `id` bigint(20) unsigned NOT NULL AUTO_INCREMENT COMMENT 'Serial de la tabla',
  `pltp_nomb` bigint(20) NOT NULL COMMENT 'Nombre de la categor&iacute;a del plato',
  `pltp_estd` tinyint(1) NOT NULL COMMENT 'Estado del registro',
  `pltp_freg` timestamp NOT NULL DEFAULT CURRENT_TIMESTAMP COMMENT 'Fecha de ingreso del registro',
  PRIMARY KEY (`id`),
  UNIQUE KEY `id_UNIQUE` (`id`),
  UNIQUE KEY `pltc_nomb_UNIQUE` (`pltp_nomb`)
) ENGINE=InnoDB DEFAULT CHARSET=latin1 COMMENT='Tipos de los platos' AUTO_INCREMENT=1 ;

-- --------------------------------------------------------

--
-- Estructura de tabla para la tabla `tbla_plts`
--

CREATE TABLE IF NOT EXISTS `tbla_plts` (
  `id` bigint(20) unsigned NOT NULL AUTO_INCREMENT COMMENT 'Serial de la tabla',
  `plts_nomb` varchar(145) NOT NULL COMMENT 'Nombre del plato',
  `plts_plct` bigint(20) unsigned NOT NULL COMMENT 'Categor&iacute;a del plato',
  `plts_imgn` varchar(45) NOT NULL,
  `plts_desc` text NOT NULL COMMENT 'Descripci&oacute;n corta del plato',
  `plts_prec` decimal(10,2) NOT NULL COMMENT 'Precio del plato en USSD',
  `plts_estd` tinyint(1) NOT NULL COMMENT 'Estado del registro',
  `plts_freg` timestamp NOT NULL DEFAULT CURRENT_TIMESTAMP COMMENT 'Fecha de ingreso del registro',
  PRIMARY KEY (`id`),
  UNIQUE KEY `id_UNIQUE` (`id`),
  UNIQUE KEY `plts_nomb_UNIQUE` (`plts_nomb`),
  KEY `fk_tbla_plts_1_idx` (`plts_plct`)
) ENGINE=InnoDB DEFAULT CHARSET=latin1 COMMENT='Platos' AUTO_INCREMENT=1 ;

-- --------------------------------------------------------

--
-- Estructura de tabla para la tabla `tbla_prct`
--

CREATE TABLE IF NOT EXISTS `tbla_prct` (
  `id` bigint(20) unsigned NOT NULL AUTO_INCREMENT COMMENT 'Serial de la tabla',
  `prct_nomb` varchar(145) COLLATE utf8_bin NOT NULL COMMENT 'Nombre de la Categor&iacute;a',
  `prct_estd` tinyint(1) NOT NULL COMMENT 'Estado del registro',
  `prct_freg` timestamp NOT NULL DEFAULT CURRENT_TIMESTAMP COMMENT 'Fecha de ingreso del registro',
  PRIMARY KEY (`id`),
  UNIQUE KEY `id_UNIQUE` (`id`),
  UNIQUE KEY `prct_nomb_UNIQUE` (`prct_nomb`)
) ENGINE=InnoDB  DEFAULT CHARSET=utf8 COLLATE=utf8_bin COMMENT='Categor&iacute;a de los productos' AUTO_INCREMENT=4 ;

--
-- Volcado de datos para la tabla `tbla_prct`
--

INSERT INTO `tbla_prct` (`id`, `prct_nomb`, `prct_estd`, `prct_freg`) VALUES
(1, 'Calzado', 1, '2017-11-10 16:05:27'),
(2, 'Art&iacute;culos de limpieza', 1, '2017-11-10 16:58:09'),
(3, 'Uniformes', 1, '2017-11-10 16:59:22');

-- --------------------------------------------------------

--
-- Estructura de tabla para la tabla `tbla_pref`
--

CREATE TABLE IF NOT EXISTS `tbla_pref` (
  `id` bigint(19) unsigned NOT NULL AUTO_INCREMENT COMMENT 'Serial de la tabla',
  `pref_empr` varchar(200) COLLATE utf8_bin NOT NULL COMMENT 'Nombre de la Organizaci&oacute;',
  `pref_fvcn` varchar(145) COLLATE utf8_bin NOT NULL COMMENT 'Favicon del sitio web',
  `pref_durl` varchar(100) CHARACTER SET utf8 COLLATE utf8_spanish_ci NOT NULL COMMENT 'Direccion URL',
  `pref_hrtb` text CHARACTER SET utf8 COLLATE utf8_spanish_ci NOT NULL COMMENT 'horario de trabajo',
  `pref_logh` varchar(45) CHARACTER SET utf8 COLLATE utf8_spanish_ci NOT NULL COMMENT 'Imagen del logotipo del encabezado',
  `pref_logf` varchar(45) COLLATE utf8_bin NOT NULL COMMENT 'Logo del footer',
  `pref_loga` varchar(45) COLLATE utf8_bin NOT NULL COMMENT 'Logo del administrador web',
  `pref_copy` text COLLATE utf8_bin NOT NULL COMMENT 'Informaci&oacute;n de Copyright',
  `pref_ftnn` int(11) NOT NULL COMMENT 'N&uacute;mero de noticias',
  `pref_ftnt` int(11) NOT NULL COMMENT 'N&uacute;mero de Tweets',
  `pref_char` varchar(45) CHARACTER SET utf8 COLLATE utf8_spanish_ci NOT NULL COMMENT 'Juego de caracteres por defecto del sitio',
  `pref_desc` text CHARACTER SET utf8 COLLATE utf8_spanish_ci NOT NULL COMMENT 'Descripci&oacute;n del sitio Web para los buscadores',
  `pref_keyw` text CHARACTER SET utf8 COLLATE utf8_spanish_ci NOT NULL COMMENT 'Palabras clave',
  `pref_flgs` varchar(145) COLLATE utf8_bin NOT NULL COMMENT 'Estilo de los iconos de las banderas de los paises',
  `pref_geip` tinyint(1) NOT NULL COMMENT 'Texto de Caronte en el pie de pagina',
  PRIMARY KEY (`id`),
  UNIQUE KEY `id_UNIQUE` (`id`)
) ENGINE=InnoDB  DEFAULT CHARSET=utf8 COLLATE=utf8_bin COMMENT='Preferencias' AUTO_INCREMENT=2 ;

--
-- Volcado de datos para la tabla `tbla_pref`
--

INSERT INTO `tbla_pref` (`id`, `pref_empr`, `pref_fvcn`, `pref_durl`, `pref_hrtb`, `pref_logh`, `pref_logf`, `pref_loga`, `pref_copy`, `pref_ftnn`, `pref_ftnt`, `pref_char`, `pref_desc`, `pref_keyw`, `pref_flgs`, `pref_geip`) VALUES
(1, 'Grupo Macuro', 'favicon.png', 'http://192.168.0.10/majestic', '&lt;p&gt;Lunes a Viernes: 9:00-18:00 Sabado: 10:00-14:00 Domingo: Cerrado&lt;&#47;p&gt;\r\n', 'majestic%20menbers.png', 'majestic%20menbers.png', 'majestic_menbers_light.png', 'Kamiplast - &copy; Copyright 2019. Todos los derechos reservados.', 6, 6, 'UTF-8', 'Sitio web de  Saga , es pionera en la confecci&oacute;n de textiles ign&iacute;fugos, siendo reconocida a nivel nacional como una empresa s&oacute;lida que se ha caracterizado por la calidad de sus productos\r\n', 'Seguridad Industrial, Accesorios de Seguridad, Guantes, Cascos, Oberoles ignifugos, Productos Seguridad', 'flat', 1);

-- --------------------------------------------------------

--
-- Estructura de tabla para la tabla `tbla_prln`
--

CREATE TABLE IF NOT EXISTS `tbla_prln` (
  `id` bigint(20) unsigned NOT NULL AUTO_INCREMENT COMMENT 'Serial de la tabla',
  `prln_prct` bigint(20) unsigned NOT NULL COMMENT 'Referencia a la categor&iacute;a del producto',
  `prln_nomb` varchar(200) COLLATE utf8_bin NOT NULL COMMENT 'L&iacute;nea del producto',
  `prln_estd` tinyint(1) NOT NULL COMMENT 'Estado del registro',
  `prln_freg` timestamp NOT NULL DEFAULT CURRENT_TIMESTAMP COMMENT 'Fecha de ingreso del registro',
  PRIMARY KEY (`id`),
  UNIQUE KEY `id_UNIQUE` (`id`),
  UNIQUE KEY `prln_nomb_UNIQUE` (`prln_nomb`),
  KEY `fk_tbla_prln_1_idx` (`prln_prct`)
) ENGINE=InnoDB  DEFAULT CHARSET=utf8 COLLATE=utf8_bin COMMENT='L&iacute;nea de los productos' AUTO_INCREMENT=9 ;

--
-- Volcado de datos para la tabla `tbla_prln`
--

INSERT INTO `tbla_prln` (`id`, `prln_prct`, `prln_nomb`, `prln_estd`, `prln_freg`) VALUES
(1, 1, 'L&iacute;nea Operador', 1, '2017-11-10 17:06:31'),
(2, 1, 'L&iacute;nea Supervisor', 1, '2017-11-10 17:06:56'),
(3, 1, 'Protecci&oacute;n para la Cabeza', 1, '2017-11-10 17:07:34'),
(4, 1, 'Trabajo en Altura', 1, '2017-11-10 17:08:00'),
(5, 1, 'Protecci&oacute;n Visual', 1, '2017-11-10 17:10:22'),
(6, 1, 'Protecci&oacute;n Respiratoria', 1, '2017-11-10 17:10:38'),
(7, 1, 'Protecci&oacute;n para Manos', 1, '2017-11-10 17:11:07'),
(8, 1, 'Protecci&oacute;n Corporal', 1, '2017-11-10 17:11:26');

-- --------------------------------------------------------

--
-- Estructura de tabla para la tabla `tbla_prlno`
--

CREATE TABLE IF NOT EXISTS `tbla_prlno` (
  `id` bigint(20) unsigned NOT NULL AUTO_INCREMENT COMMENT 'Serial de la tabla',
  `prln_nomb` varchar(145) COLLATE utf8_bin NOT NULL COMMENT 'L&iacute;nea del filtro',
  `prln_estd` tinyint(1) NOT NULL COMMENT 'Estado del registro',
  `prln_freg` timestamp NOT NULL DEFAULT CURRENT_TIMESTAMP ON UPDATE CURRENT_TIMESTAMP COMMENT 'Fecha de ingreso del registro',
  PRIMARY KEY (`id`),
  UNIQUE KEY `id_UNIQUE` (`id`),
  UNIQUE KEY `fltl_lnea_UNIQUE` (`prln_nomb`)
) ENGINE=InnoDB  DEFAULT CHARSET=utf8 COLLATE=utf8_bin COMMENT='L&iacute;a de los productos' AUTO_INCREMENT=4 ;

--
-- Volcado de datos para la tabla `tbla_prlno`
--

INSERT INTO `tbla_prlno` (`id`, `prln_nomb`, `prln_estd`, `prln_freg`) VALUES
(1, 'Sellado', 1, '2017-04-02 22:54:25'),
(2, 'Cartucho', 1, '2017-04-02 22:55:19'),
(3, 'Aire Pesado', 1, '2017-04-02 22:55:45');

-- --------------------------------------------------------

--
-- Estructura de tabla para la tabla `tbla_prod`
--

CREATE TABLE IF NOT EXISTS `tbla_prod` (
  `id` bigint(20) unsigned NOT NULL AUTO_INCREMENT COMMENT 'Serial de la tabla',
  `prod_nomb` varchar(45) COLLATE utf8_bin NOT NULL COMMENT 'Nombre del producto',
  `prod_prln` bigint(20) unsigned NOT NULL COMMENT 'L&iacute;nea de los productos',
  `prod_prtp` bigint(20) unsigned NOT NULL COMMENT 'Tipo de producto',
  `prod_desc` text COLLATE utf8_bin NOT NULL COMMENT 'Descripci&oacute;n del producto',
  `prod_crtc` text COLLATE utf8_bin NOT NULL COMMENT 'Caracteristicas del producto',
  `prod_inft` text COLLATE utf8_bin NOT NULL COMMENT 'Informaci&oacute;n t&eacute;cnica del producto',
  `prod_img1` varchar(145) COLLATE utf8_bin NOT NULL COMMENT 'Im&aacute;gen 1',
  `prod_img2` varchar(145) COLLATE utf8_bin NOT NULL COMMENT 'Im&aacute;gen 2',
  `prod_img3` varchar(145) COLLATE utf8_bin NOT NULL COMMENT 'Im&aacute;gen 3',
  `prod_img4` varchar(145) COLLATE utf8_bin NOT NULL COMMENT 'Im&aacute;gen 4',
  `prod_estd` tinyint(1) NOT NULL COMMENT 'Estado del registro',
  `prod_freg` timestamp NOT NULL DEFAULT CURRENT_TIMESTAMP COMMENT 'Fecha de ingreso del registro',
  PRIMARY KEY (`id`),
  UNIQUE KEY `id_UNIQUE` (`id`),
  UNIQUE KEY `fltr_mcro_UNIQUE` (`prod_nomb`),
  KEY `fk_tbla_fltr_2_idx` (`prod_prtp`),
  KEY `fk_tbla_fltr_1_idx` (`prod_prln`)
) ENGINE=InnoDB  DEFAULT CHARSET=utf8 COLLATE=utf8_bin COMMENT='Filtros de aire y aceite' AUTO_INCREMENT=9 ;

--
-- Volcado de datos para la tabla `tbla_prod`
--

INSERT INTO `tbla_prod` (`id`, `prod_nomb`, `prod_prln`, `prod_prtp`, `prod_desc`, `prod_crtc`, `prod_inft`, `prod_img1`, `prod_img2`, `prod_img3`, `prod_img4`, `prod_estd`, `prod_freg`) VALUES
(5, 'SAGA - 4051', 1, 3, '<p>Excelente calazado que protege al trabajador&nbsp;de lesiones causadas por&nbsp;ca&iacute;da de objetos, golpes sobre el pie, objetos punzocortantes,&nbsp;baja, media y alta tensi&oacute;n, adem&aacute;s de fr&iacute;o y calor. Elaborados con los mejores materiales y la m&aacute;s alta tecnolog&iacute;a.&nbsp;</p>\r\n', '<p><strong>COLOR:&nbsp;</strong>&nbsp; &nbsp;Marron&nbsp;&nbsp; &nbsp;</p>\r\n\r\n<p><strong>TALLA:&nbsp;</strong>&nbsp; &nbsp;35 al 46</p>\r\n\r\n<p><strong>TIPO:&nbsp;</strong>&nbsp; &nbsp;Bot&iacute;n&nbsp;&nbsp; &nbsp;</p>\r\n\r\n<p><strong>LINEA:</strong>&nbsp;&nbsp; &nbsp;Supervisor</p>\r\n\r\n<p><strong>PUNTERA:&nbsp;</strong>&nbsp; &nbsp;Met&aacute;lica con recubrimiento diel&eacute;ctrico</p>\r\n\r\n<p><strong>CORTE EXTERNO:</strong>&nbsp;&nbsp; &nbsp;Pala y talon en cuero nobuck Marron calibre 1.8 - 2.0 mm, cuello y leng&uuml;eta en sintetico&nbsp;</p>\r\n\r\n<p><strong>FORRO INTERNO:&nbsp;</strong>&nbsp; &nbsp;Elaborada en tejido safira &nbsp;100% &nbsp;poliester texturizado con suplemento en espuma calibre 4 mm, abullonado con l&aacute;mina de espuma de polietileno calibre 8 mm que proporciona comodidad al zapato.</p>\r\n\r\n<p><strong>OJALETES :</strong>&nbsp;&nbsp; &nbsp;Redondos en material pl&aacute;stico, no conductores de electricidad&nbsp;</p>\r\n\r\n<p><strong>REFUERZO TALON:</strong>&nbsp;&nbsp; &nbsp;plantitex de 1,8 -2,0 mm,mejor resistencia al desgaste.&nbsp;</p>\r\n\r\n<p><strong>CONTRAFUERTE:</strong>&nbsp;&nbsp; &nbsp;L&aacute;mina de salpa calibre 1.5 mm, &nbsp;que suministra alta protecci&oacute;n al tal&oacute;n&nbsp;&nbsp; &nbsp;&nbsp;&nbsp; &nbsp;</p>\r\n\r\n<p><strong>PLANTILLA:</strong>&nbsp;&nbsp; &nbsp;fibertech 1,5mm &nbsp;, antihongos.&nbsp;&nbsp; &nbsp;&nbsp;&nbsp; &nbsp;</p>\r\n\r\n<p><strong>SOBREPLANTILLA:&nbsp;</strong>&nbsp; &nbsp;Anatomica en poliuretano , removible ,con soporte calcaneo y perforaciones para reducir la transpiracion.</p>\r\n\r\n<p><strong>SUELA:&nbsp;</strong>&nbsp; &nbsp;Elaborada en poliuretano (PU), antideslizante, impermeable, flexible, liviana, aislante t&eacute;rmica, &nbsp;formulada especialmente con excelente resistencia a los hidrocarburos y excelentes propiedades diel&eacute;ctricas. Dureza 60-65 shore A&nbsp; &nbsp;</p>\r\n', '<p><strong>RESISTENCIA A LA ABRASI&Oacute;N DE LA SUELA&nbsp;&nbsp;&nbsp;</strong>&nbsp;</p>\r\n\r\n<p><strong>NORMA:&nbsp;</strong>&nbsp; &nbsp;COVENIN 39-2003, ISO 4649</p>\r\n\r\n<p><strong>REQUISITO:&nbsp;</strong>&nbsp; &nbsp;M&aacute;ximo 300 mm3</p>\r\n\r\n<p><strong>Real:</strong>&nbsp;&nbsp; &nbsp;140 mm3</p>\r\n\r\n<p>&nbsp;</p>\r\n\r\n<p><strong>FLEXI&Oacute;N SUELA&nbsp;&nbsp;</strong>&nbsp;&nbsp;</p>\r\n\r\n<p><strong>NORMA:</strong>&nbsp;&nbsp; &nbsp;COVENIN 39-2003 ,EN 20344</p>\r\n\r\n<p><strong>REQUISITO:&nbsp;</strong>&nbsp; &nbsp;Incremento maximo de 6 mm en 30.000 ciclos</p>\r\n\r\n<p><strong>Real:</strong>&nbsp;&nbsp; &nbsp;No presenta aumento en las incisiones realizadas ni quiebres en la suela.</p>\r\n\r\n<p>&nbsp;</p>\r\n\r\n<p><strong>RESISTENCIA MECANICA DE PUNTERA&nbsp;&nbsp; &nbsp;</strong></p>\r\n\r\n<p><strong>NORMA:&nbsp;</strong>&nbsp; &nbsp;DIN EN 12568</p>\r\n\r\n<p><strong>REQUISITO:&nbsp;</strong>&nbsp; &nbsp;Altura residual m&iacute;nima de 20 mm. Luego de impacto 200 J y compresi&oacute;n de 15 KN</p>\r\n\r\n<p>&nbsp;</p>\r\n\r\n<p><strong>RESISTENCIA A LA ADHESION SUELA A CAPELLADA&nbsp;</strong>&nbsp; &nbsp;</p>\r\n\r\n<p><strong>NORMA:</strong>&nbsp;&nbsp; &nbsp;COVENIN 39-2003</p>\r\n\r\n<p><strong>REQUISITO:</strong>&nbsp;&nbsp; &nbsp;M&iacute;nimo 0,50 Kgf/mm</p>\r\n\r\n<p>&nbsp;</p>\r\n\r\n<p><strong>RESISTENCIA DIELECTRICA&nbsp;&nbsp;&nbsp;</strong>&nbsp;</p>\r\n\r\n<p><strong>NORMA:&nbsp;</strong>&nbsp; &nbsp;COVENIN 39-2003 ,ASTMF 2412 y 2413 de 2005</p>\r\n\r\n<p><strong>REQUISITO:</strong>&nbsp;&nbsp; &nbsp;M&aacute;ximo 3.0 mA de corriente de fuga luego de 1 minuto a 14 kV</p>\r\n\r\n<p>&nbsp;</p>\r\n\r\n<p><strong>DUREZA DE LA SUELA</strong>&nbsp;&nbsp; &nbsp;</p>\r\n\r\n<p><strong>NORMA:&nbsp;</strong>&nbsp; &nbsp;COVENIN 39:2003 , ASTM D2240</p>\r\n\r\n<p><strong>REQUISITO:&nbsp;</strong>&nbsp; &nbsp;dureza debe estar entre 55 - 65 shore A</p>\r\n', '4051-01.png', '4051-02.png', '4051-03.png', '4051-04.png', 1, '2018-03-21 19:22:03'),
(6, 'SAGA - 5020', 1, 3, '<p>Excelente calazado que protege al trabajador de lesiones causadas por ca&iacute;da de objetos, golpes sobre el pie, objetos punzocortantes, baja, media y alta tensi&oacute;n, adem&aacute;s de fr&iacute;o y calor. Elaborados con los mejores materiales y la m&aacute;s alta tecnolog&iacute;a.&nbsp;</p>\r\n', '<p><strong>COLOR:&nbsp;</strong>Marr&oacute;n</p>\r\n\r\n<p><strong>TIPO:&nbsp;</strong>Bot&iacute;&shy;n</p>\r\n\r\n<p><strong>TALLA:</strong>&nbsp;35 - 45</p>\r\n\r\n<p><strong>LINEA:&nbsp;</strong>Supervisor</p>\r\n\r\n<p><strong>PUNTERA:</strong>&nbsp;Puntera de composite resistentes al impacto y a la compresi&oacute;n.</p>\r\n\r\n<p><strong>CORTE EXTERNO:&nbsp;</strong>Elaborada en cuero nobuck marr&oacute;n calibre 1.8 - 2.0&nbsp; mm, con combinaci&oacute;n de cuero napa negro en cordoneras y tejido de punto 100% poliester texturizado en cuello y lengueta y sint&eacute;tico en puntera y tal&oacute;n con cinta reflectiva en laterales</p>\r\n\r\n<p><strong>FORRO INTERNO:&nbsp;</strong>Elaborada en tejido de punto 100% poliester texturizadocon suplemento en espuma calibre 4 mm, abullonado con lamina de espuma de polietileno calibre 10 mm y tela tejida 100% poli&eacute;ster que proporciona comodidad al zapato</p>\r\n\r\n<p><strong>OJALETES:&nbsp;</strong>Pasadores en riata rosados de alta calidad de 1 dm de ancho&nbsp;con pasador (Cordonera)</p>\r\n\r\n<p><strong>CONTRAFUERTE:</strong>&nbsp;Lamina en poliester no tejido con adhesivo solvente que suministra alta protecci&oacute;n al tal&oacute;n</p>\r\n\r\n<p><strong>PLANTILLA:</strong></p>\r\n\r\n<p><strong>Interna:&nbsp;</strong>L&aacute;mina de Strobel calibre 2 mm</p>\r\n\r\n<p><strong>Externa:</strong>&nbsp;Elaborada en poliuretano (PU), preformada, anat&oacute;mica con rebote en el tal&oacute;n para mayor confort</p>\r\n\r\n<p><strong>SUELA:&nbsp;</strong>Bidensidad elaborada en poliuretano (PU/PU) , inyectada directamente al corte, color negro/negro, antideslizante, impermeable, flexible, liviana, aislante t&eacute;rmica, formulada especialmente con excelente resistencia a los hidrocarburos y excelentes propiedades diel&eacute;ctricas. Dureza parte externa piso (compacto) 60-65 shore A y parte interna (expanso) 45-55 shore A</p>\r\n', '<p><strong>RESISTENCIA A LA ABRASI&Oacute;N DE LA SUELA&nbsp;&nbsp;&nbsp;</strong>&nbsp;</p>\r\n\r\n<p><strong>NORMA:&nbsp;</strong>&nbsp; &nbsp;COVENIN 39-2003, ISO 4649</p>\r\n\r\n<p><strong>REQUISITO:&nbsp;</strong>&nbsp; &nbsp;M&aacute;ximo 300 mm3</p>\r\n\r\n<p><strong>Real:</strong>&nbsp;&nbsp; &nbsp;140 mm3</p>\r\n\r\n<p>&nbsp;</p>\r\n\r\n<p><strong>FLEXI&Oacute;N SUELA&nbsp;&nbsp;</strong>&nbsp;&nbsp;</p>\r\n\r\n<p><strong>NORMA:</strong>&nbsp;&nbsp; &nbsp;COVENIN 39-2003 ,EN 20344</p>\r\n\r\n<p><strong>REQUISITO:&nbsp;</strong>&nbsp; &nbsp;Incremento maximo de 6 mm en 30.000 ciclos</p>\r\n\r\n<p><strong>Real:</strong>&nbsp;&nbsp; &nbsp;No presenta aumento en las incisiones realizadas ni quiebres en la suela.</p>\r\n\r\n<p>&nbsp;</p>\r\n\r\n<p><strong>RESISTENCIA MECANICA DE PUNTERA&nbsp;&nbsp; &nbsp;</strong></p>\r\n\r\n<p><strong>NORMA:&nbsp;</strong>&nbsp; &nbsp;DIN EN 12568</p>\r\n\r\n<p><strong>REQUISITO:&nbsp;</strong>&nbsp; &nbsp;Altura residual m&iacute;nima de 20 mm. Luego de impacto 200 J y compresi&oacute;n de 15 KN</p>\r\n\r\n<p>&nbsp;</p>\r\n\r\n<p><strong>RESISTENCIA A LA ADHESION SUELA A CAPELLADA&nbsp;</strong>&nbsp; &nbsp;</p>\r\n\r\n<p><strong>NORMA:</strong>&nbsp;&nbsp; &nbsp;COVENIN 39-2003</p>\r\n\r\n<p><strong>REQUISITO:</strong>&nbsp;&nbsp; &nbsp;M&iacute;nimo 0,50 Kgf/mm</p>\r\n\r\n<p>&nbsp;</p>\r\n\r\n<p><strong>RESISTENCIA DIELECTRICA&nbsp;&nbsp;&nbsp;</strong>&nbsp;</p>\r\n\r\n<p><strong>NORMA:&nbsp;</strong>&nbsp; &nbsp;COVENIN 39-2003 ,ASTMF 2412 y 2413 de 2005</p>\r\n\r\n<p><strong>REQUISITO:</strong>&nbsp;&nbsp; &nbsp;M&aacute;ximo 3.0 mA de corriente de fuga luego de 1 minuto a 14 kV</p>\r\n\r\n<p>&nbsp;</p>\r\n\r\n<p><strong>DUREZA DE LA SUELA</strong>&nbsp;&nbsp; &nbsp;</p>\r\n\r\n<p><strong>NORMA:&nbsp;</strong>&nbsp; &nbsp;COVENIN 39:2003 , ASTM D2240</p>\r\n\r\n<p><strong>REQUISITO:&nbsp;</strong>&nbsp; &nbsp;dureza debe estar entre 55 - 65 shore A</p>\r\n', '5020-01.png', '5020-02.png', '5020-03.png', '5020-04.png', 1, '2018-03-25 21:41:38'),
(7, 'SAGA - 5010', 1, 3, '<p>Excelente calazado que protege al trabajador&nbsp;de lesiones causadas por&nbsp;ca&iacute;da de objetos, golpes sobre el pie, objetos punzocortantes,&nbsp;baja, media y alta tensi&oacute;n, adem&aacute;s de fr&iacute;o y calor. Elaborados con los mejores materiales y la m&aacute;s alta tecnolog&iacute;a.&nbsp;</p>\r\n', '<p><strong>COLOR:&nbsp;</strong>&nbsp; &nbsp;Marron&nbsp;&nbsp; &nbsp;</p>\r\n\r\n<p><strong>TALLA:&nbsp;</strong>&nbsp; &nbsp;35 al 46</p>\r\n\r\n<p><strong>TIPO:&nbsp;</strong>&nbsp; &nbsp;Bot&iacute;n&nbsp;&nbsp; &nbsp;</p>\r\n\r\n<p><strong>LINEA:</strong>&nbsp;&nbsp; &nbsp;Supervisor</p>\r\n\r\n<p><strong>PUNTERA:&nbsp;</strong>&nbsp; &nbsp;Met&aacute;lica con recubrimiento diel&eacute;ctrico</p>\r\n\r\n<p><strong>CORTE EXTERNO:</strong>&nbsp;&nbsp; &nbsp;Pala y talon en cuero nobuck Marron calibre 1.8 - 2.0 mm, cuello y leng&uuml;eta en sintetico&nbsp;</p>\r\n\r\n<p><strong>FORRO INTERNO:&nbsp;</strong>&nbsp; &nbsp;Elaborada en tejido safira &nbsp;100% &nbsp;poliester texturizado con suplemento en espuma calibre 4 mm, abullonado con l&aacute;mina de espuma de polietileno calibre 8 mm que proporciona comodidad al zapato.</p>\r\n\r\n<p><strong>OJALETES :</strong>&nbsp;&nbsp; &nbsp;Redondos en material pl&aacute;stico, no conductores de electricidad&nbsp;</p>\r\n\r\n<p><strong>REFUERZO TALON:</strong>&nbsp;&nbsp; &nbsp;plantitex de 1,8 -2,0 mm,mejor resistencia al desgaste.&nbsp;</p>\r\n\r\n<p><strong>CONTRAFUERTE:</strong>&nbsp;&nbsp; &nbsp;L&aacute;mina de salpa calibre 1.5 mm, &nbsp;que suministra alta protecci&oacute;n al tal&oacute;n&nbsp;&nbsp; &nbsp;&nbsp;&nbsp; &nbsp;</p>\r\n\r\n<p><strong>PLANTILLA:</strong>&nbsp;&nbsp; &nbsp;fibertech 1,5mm &nbsp;, antihongos.&nbsp;&nbsp; &nbsp;&nbsp;&nbsp; &nbsp;</p>\r\n\r\n<p><strong>SOBREPLANTILLA:&nbsp;</strong>&nbsp; &nbsp;Anatomica en poliuretano , removible ,con soporte calcaneo y perforaciones para reducir la transpiracion.</p>\r\n\r\n<p><strong>SUELA:&nbsp;</strong>&nbsp; &nbsp;Elaborada en poliuretano (PU), antideslizante, impermeable, flexible, liviana, aislante t&eacute;rmica, &nbsp;formulada especialmente con excelente resistencia a los hidrocarburos y excelentes propiedades diel&eacute;ctricas. Dureza 60-65 shore A&nbsp; &nbsp;</p>\r\n', '<p><strong>RESISTENCIA A LA ABRASI&Oacute;N DE LA SUELA&nbsp;&nbsp;&nbsp;</strong>&nbsp;</p>\r\n\r\n<p><strong>NORMA:&nbsp;</strong>&nbsp; &nbsp;COVENIN 39-2003, ISO 4649</p>\r\n\r\n<p><strong>REQUISITO:&nbsp;</strong>&nbsp; &nbsp;M&aacute;ximo 300 mm3</p>\r\n\r\n<p><strong>Real:</strong>&nbsp;&nbsp; &nbsp;140 mm3</p>\r\n\r\n<p>&nbsp;</p>\r\n\r\n<p><strong>FLEXI&Oacute;N SUELA&nbsp;&nbsp;</strong>&nbsp;&nbsp;</p>\r\n\r\n<p><strong>NORMA:</strong>&nbsp;&nbsp; &nbsp;COVENIN 39-2003 ,EN 20344</p>\r\n\r\n<p><strong>REQUISITO:&nbsp;</strong>&nbsp; &nbsp;Incremento maximo de 6 mm en 30.000 ciclos</p>\r\n\r\n<p><strong>Real:</strong>&nbsp;&nbsp; &nbsp;No presenta aumento en las incisiones realizadas ni quiebres en la suela.</p>\r\n\r\n<p>&nbsp;</p>\r\n\r\n<p><strong>RESISTENCIA MECANICA DE PUNTERA&nbsp;&nbsp; &nbsp;</strong></p>\r\n\r\n<p><strong>NORMA:&nbsp;</strong>&nbsp; &nbsp;DIN EN 12568</p>\r\n\r\n<p><strong>REQUISITO:&nbsp;</strong>&nbsp; &nbsp;Altura residual m&iacute;nima de 20 mm. Luego de impacto 200 J y compresi&oacute;n de 15 KN</p>\r\n\r\n<p>&nbsp;</p>\r\n\r\n<p><strong>RESISTENCIA A LA ADHESION SUELA A CAPELLADA&nbsp;</strong>&nbsp; &nbsp;</p>\r\n\r\n<p><strong>NORMA:</strong>&nbsp;&nbsp; &nbsp;COVENIN 39-2003</p>\r\n\r\n<p><strong>REQUISITO:</strong>&nbsp;&nbsp; &nbsp;M&iacute;nimo 0,50 Kgf/mm</p>\r\n\r\n<p>&nbsp;</p>\r\n\r\n<p><strong>RESISTENCIA DIELECTRICA&nbsp;&nbsp;&nbsp;</strong>&nbsp;</p>\r\n\r\n<p><strong>NORMA:&nbsp;</strong>&nbsp; &nbsp;COVENIN 39-2003 ,ASTMF 2412 y 2413 de 2005</p>\r\n\r\n<p><strong>REQUISITO:</strong>&nbsp;&nbsp; &nbsp;M&aacute;ximo 3.0 mA de corriente de fuga luego de 1 minuto a 14 kV</p>\r\n\r\n<p>&nbsp;</p>\r\n\r\n<p><strong>DUREZA DE LA SUELA</strong>&nbsp;&nbsp; &nbsp;</p>\r\n\r\n<p><strong>NORMA:&nbsp;</strong>&nbsp; &nbsp;COVENIN 39:2003 , ASTM D2240</p>\r\n\r\n<p><strong>REQUISITO:&nbsp;</strong>&nbsp; &nbsp;dureza debe estar entre 55 - 65 shore A</p>\r\n', '5010-03.png', '5010-04.png', '5010-01.png', '5010-02.png', 1, '2018-03-25 21:44:58'),
(8, 'SAGA - 4059', 2, 3, '<p>Excelente calzado que protege al trabajador&nbsp;de lesiones causadas por&nbsp;ca&iacute;da de objetos, golpes sobre el pie, objetos punzocortantes,&nbsp;baja, media y alta tensi&oacute;n, adem&aacute;s de fr&iacute;o y calor. Elaborados con los mejores materiales y la m&aacute;s alta tecnolog&iacute;a.&nbsp;</p>\r\n', '<p><strong>COLOR:&nbsp;</strong>&nbsp; &nbsp;Marron&nbsp;&nbsp; &nbsp;</p>\r\n\r\n<p><strong>TALLA:&nbsp;</strong>&nbsp; &nbsp;35 al 46</p>\r\n\r\n<p><strong>TIPO:&nbsp;</strong>&nbsp; &nbsp;Bot&iacute;n&nbsp;&nbsp; &nbsp;</p>\r\n\r\n<p><strong>LINEA:</strong>&nbsp;&nbsp; &nbsp;Supervisor</p>\r\n\r\n<p><strong>PUNTERA:&nbsp;</strong>&nbsp; &nbsp;Met&aacute;lica con recubrimiento diel&eacute;ctrico</p>\r\n\r\n<p><strong>CORTE EXTERNO:</strong>&nbsp;&nbsp; &nbsp;Pala y talon en cuero nobuck Marron calibre 1.8 - 2.0 mm, cuello y leng&uuml;eta en sintetico&nbsp;</p>\r\n\r\n<p><strong>FORRO INTERNO:&nbsp;</strong>&nbsp; &nbsp;Elaborada en tejido safira &nbsp;100% &nbsp;poliester texturizado con suplemento en espuma calibre 4 mm, abullonado con l&aacute;mina de espuma de polietileno calibre 8 mm que proporciona comodidad al zapato.</p>\r\n\r\n<p><strong>OJALETES :</strong>&nbsp;&nbsp; &nbsp;Redondos en material pl&aacute;stico, no conductores de electricidad&nbsp;</p>\r\n\r\n<p><strong>REFUERZO TALON:</strong>&nbsp;&nbsp; &nbsp;plantitex de 1,8 -2,0 mm,mejor resistencia al desgaste.&nbsp;</p>\r\n\r\n<p><strong>CONTRAFUERTE:</strong>&nbsp;&nbsp; &nbsp;L&aacute;mina de salpa calibre 1.5 mm, &nbsp;que suministra alta protecci&oacute;n al tal&oacute;n&nbsp;&nbsp; &nbsp;&nbsp;&nbsp; &nbsp;</p>\r\n\r\n<p><strong>PLANTILLA:</strong>&nbsp;&nbsp; &nbsp;fibertech 1,5mm &nbsp;, antihongos.&nbsp;&nbsp; &nbsp;&nbsp;&nbsp; &nbsp;</p>\r\n\r\n<p><strong>SOBREPLANTILLA:&nbsp;</strong>&nbsp; &nbsp;Anatomica en poliuretano , removible ,con soporte calcaneo y perforaciones para reducir la transpiracion.</p>\r\n\r\n<p><strong>SUELA:&nbsp;</strong>&nbsp; &nbsp;Elaborada en poliuretano (PU), antideslizante, impermeable, flexible, liviana, aislante t&eacute;rmica, &nbsp;formulada especialmente con excelente resistencia a los hidrocarburos y excelentes propiedades diel&eacute;ctricas. Dureza 60-65 shore A&nbsp; &nbsp;</p>\r\n', '<p><strong>RESISTENCIA A LA ABRASI&Oacute;N DE LA SUELA&nbsp;&nbsp;&nbsp;</strong>&nbsp;</p>\r\n\r\n<p><strong>NORMA:&nbsp;</strong>&nbsp; &nbsp;COVENIN 39-2003, ISO 4649</p>\r\n\r\n<p><strong>REQUISITO:&nbsp;</strong>&nbsp; &nbsp;M&aacute;ximo 300 mm3</p>\r\n\r\n<p><strong>Real:</strong>&nbsp;&nbsp; &nbsp;140 mm3</p>\r\n\r\n<p>&nbsp;</p>\r\n\r\n<p><strong>FLEXI&Oacute;N SUELA&nbsp;&nbsp;</strong>&nbsp;&nbsp;</p>\r\n\r\n<p><strong>NORMA:</strong>&nbsp;&nbsp; &nbsp;COVENIN 39-2003 ,EN 20344</p>\r\n\r\n<p><strong>REQUISITO:&nbsp;</strong>&nbsp; &nbsp;Incremento maximo de 6 mm en 30.000 ciclos</p>\r\n\r\n<p><strong>Real:</strong>&nbsp;&nbsp; &nbsp;No presenta aumento en las incisiones realizadas ni quiebres en la suela.</p>\r\n\r\n<p>&nbsp;</p>\r\n\r\n<p><strong>RESISTENCIA MECANICA DE PUNTERA&nbsp;&nbsp; &nbsp;</strong></p>\r\n\r\n<p><strong>NORMA:&nbsp;</strong>&nbsp; &nbsp;DIN EN 12568</p>\r\n\r\n<p><strong>REQUISITO:&nbsp;</strong>&nbsp; &nbsp;Altura residual m&iacute;nima de 20 mm. Luego de impacto 200 J y compresi&oacute;n de 15 KN</p>\r\n\r\n<p>&nbsp;</p>\r\n\r\n<p><strong>RESISTENCIA A LA ADHESION SUELA A CAPELLADA&nbsp;</strong>&nbsp; &nbsp;</p>\r\n\r\n<p><strong>NORMA:</strong>&nbsp;&nbsp; &nbsp;COVENIN 39-2003</p>\r\n\r\n<p><strong>REQUISITO:</strong>&nbsp;&nbsp; &nbsp;M&iacute;nimo 0,50 Kgf/mm</p>\r\n\r\n<p>&nbsp;</p>\r\n\r\n<p><strong>RESISTENCIA DIELECTRICA&nbsp;&nbsp;&nbsp;</strong>&nbsp;</p>\r\n\r\n<p><strong>NORMA:&nbsp;</strong>&nbsp; &nbsp;COVENIN 39-2003 ,ASTMF 2412 y 2413 de 2005</p>\r\n\r\n<p><strong>REQUISITO:</strong>&nbsp;&nbsp; &nbsp;M&aacute;ximo 3.0 mA de corriente de fuga luego de 1 minuto a 14 kV</p>\r\n\r\n<p>&nbsp;</p>\r\n\r\n<p><strong>DUREZA DE LA SUELA</strong>&nbsp;&nbsp; &nbsp;</p>\r\n\r\n<p><strong>NORMA:&nbsp;</strong>&nbsp; &nbsp;COVENIN 39:2003 , ASTM D2240</p>\r\n\r\n<p><strong>REQUISITO:&nbsp;</strong>&nbsp; &nbsp;dureza debe estar entre 55 - 65 shore A</p>\r\n', '4059-01.png', '4059-02.png', '4059-03.png', '4059-04.png', 1, '2018-03-25 21:59:21');

-- --------------------------------------------------------

--
-- Estructura de tabla para la tabla `tbla_prtp`
--

CREATE TABLE IF NOT EXISTS `tbla_prtp` (
  `id` bigint(20) unsigned NOT NULL AUTO_INCREMENT COMMENT 'Serial de la tabla',
  `prtp_nomb` varchar(145) COLLATE utf8_bin NOT NULL COMMENT 'Tipo de filtro',
  `prtp_estd` tinyint(1) NOT NULL COMMENT 'Estado del registro',
  `prtp_freg` timestamp NOT NULL DEFAULT CURRENT_TIMESTAMP ON UPDATE CURRENT_TIMESTAMP COMMENT 'Fecha de ingreso del registro',
  PRIMARY KEY (`id`),
  UNIQUE KEY `id_UNIQUE` (`id`),
  UNIQUE KEY `fltt_tipo_UNIQUE` (`prtp_nomb`)
) ENGINE=InnoDB  DEFAULT CHARSET=utf8 COLLATE=utf8_bin COMMENT='Tipos de productos' AUTO_INCREMENT=4 ;

--
-- Volcado de datos para la tabla `tbla_prtp`
--

INSERT INTO `tbla_prtp` (`id`, `prtp_nomb`, `prtp_estd`, `prtp_freg`) VALUES
(1, 'Zapato', 1, '2018-04-25 23:48:41'),
(2, 'Botin', 1, '2018-04-25 23:48:14'),
(3, 'Bota', 1, '2018-04-25 23:48:25');

-- --------------------------------------------------------

--
-- Estructura de tabla para la tabla `tbla_qmos`
--

CREATE TABLE IF NOT EXISTS `tbla_qmos` (
  `id` bigint(20) unsigned NOT NULL AUTO_INCREMENT COMMENT 'Serial de la tabla',
  `qmos_entr` text COLLATE utf8_czech_ci NOT NULL COMMENT 'Entrada de texto en sobre nosotros',
  `qmos_foot` text CHARACTER SET utf8 COLLATE utf8_bin NOT NULL COMMENT 'informaci&oacute;n de la empresa en el pie de p&aacute;gina',
  `qmos_qsms` text CHARACTER SET utf8 COLLATE utf8_bin NOT NULL COMMENT 'Descripci&oacute;n de quienes somos',
  `qmos_imgn` varchar(145) COLLATE utf8_czech_ci NOT NULL,
  `qmos_misn` text CHARACTER SET utf8 COLLATE utf8_bin NOT NULL COMMENT 'Misi&oacute;n',
  `qmos_visn` text CHARACTER SET utf8 COLLATE utf8_bin NOT NULL COMMENT 'Visi&oacute;n',
  `qmos_fifa` text CHARACTER SET utf8 COLLATE utf8_bin NOT NULL COMMENT 'Im&aacute;gen',
  `qmos_vdeo` varchar(145) CHARACTER SET utf8 COLLATE utf8_bin NOT NULL COMMENT 'Im&aacute;gen',
  `qmos_cald` text COLLATE utf8_czech_ci NOT NULL COMMENT 'Calidad de nuestros productos',
  `qmos_pltc` text COLLATE utf8_czech_ci NOT NULL COMMENT 'Pol&iacute;tica ',
  `qmos_estd` tinyint(1) NOT NULL COMMENT 'Estado del registro',
  `qmos_freg` timestamp NOT NULL DEFAULT CURRENT_TIMESTAMP COMMENT 'Imagen de sobre nosotros',
  PRIMARY KEY (`id`),
  UNIQUE KEY `id` (`id`)
) ENGINE=InnoDB  DEFAULT CHARSET=utf8 COLLATE=utf8_czech_ci COMMENT='Quienes Somos' AUTO_INCREMENT=2 ;

--
-- Volcado de datos para la tabla `tbla_qmos`
--

INSERT INTO `tbla_qmos` (`id`, `qmos_entr`, `qmos_foot`, `qmos_qsms`, `qmos_imgn`, `qmos_misn`, `qmos_visn`, `qmos_fifa`, `qmos_vdeo`, `qmos_cald`, `qmos_pltc`, `qmos_estd`, `qmos_freg`) VALUES
(1, 'Comodidad, estilo y buen gusto, son las premisas de Kamiplast para elaborar calzado de excelente calidad.', '<p>Somos una empresa Venezolana creada con el prop&oacute;sito de proveer al mercado la mejor calidad y servicio en el &aacute;rea de uniformes, insumos de limpieza y equipos de protecci&oacute;n.</p>\r\n', '<p>En Kamiplast producimos calzado fabricado 100% en Colombia. Nuestra f&aacute;brica de calzado est&aacute; situada en Villa del Rosario &ndash; Norte de Santander. Irrumpimos en el mercado innovando y ofreciendo a nuestra distinguida clientela, calzado elaborado con la m&aacute;s alta Calidad.&nbsp;</p>\r\n\r\n<p>Kamiplast es un emprendimiento conformado por un grupo de entusiastas, con m&aacute;s de 15 a&ntilde;os de experiencia en el sector del calzado y la moda. Fabricamos calzado de calidad bajo nuestras marcas <strong>Kamila, Coast Sand y Chikilingo</strong> para grandes y chicos,&nbsp; dentro del mercado nacional e internacional.&nbsp;</p>\r\n\r\n<p>Nuestra evoluci&oacute;n como fabricantes ha desembocado en lo que somos en la actualidad, una f&aacute;brica moderna equipada con las mejor maquinaria, de la m&aacute;s alta tecnolog&iacute;a para ofrecer la mayor comodidad y el mejor estilo que sus pies se merecen.&nbsp;</p>\r\n', 'summertime2.jpg', '<p style="text-align: justify;">Somos una empresa colombiana comprometida con el desarrollo de la industria del calzado, utilizando materia prima de excelente calidad, tecnolog&iacute;a de vanguardia y talento humano capacitado y calificado para satisfacer las necesidades de nuestros clientes, quienes ven Industrias Kamiplast, un aliado comercial capaz de responder a sus necesidades y las exigencias del mercado.</p>\r\n', '<p style="text-align: justify;">En Industrias Kamiplast estamos comprometidos todos los d&iacute;as para ser la empresa m&aacute;s innovadora en el ramo del calzado Colombiano, para ello investigamos, dise&ntilde;amos, probamos y analizamos cada zapato que se produce en nuestra empresa, pensando siempre en el lo mejor para nuestros clientes, optimizando continuamente nuestra cartera de productos con calidad y variedad, brindando en todo momento nuestro mayor plus atenci&oacute;n y servicio. Estableciendo canales de distribuci&oacute;n directos con nuestros clientes, permitiendo as&iacute; la mayor rentabilidad en sus operaciones financieras.</p>\r\n', '<p>Buscamos posicionarnos como l&iacute;deres en nuestro ramo, brindando siempre el mejor servicio, de manera eficiente. Queremos establecer alianzas que nos brinden un prestigio nacional e internacional.</p>\r\n\r\n<p>Nos basamos en la Integraci&oacute;n, Colaboraci&oacute;n y Eficacia del grupo de trabajo para lograr los objetivos y prop&oacute;sitos en com&uacute;n, fundamentados en la premisa de hacer las cosas bien, con los mejores m&eacute;todos posibles para generar el mejor resultado.</p>\r\n', 'https://www.youtube.com/watch?v=XWB1uJShp-8&t=41s', '<p>Nuestro compromiso con la calidad empieza en el propio dise&ntilde;o del calzado, en Kamiplast contamos con un staff de dise&ntilde;adores con formaci&oacute;n acad&eacute;mica y una gran experiencia en el sector de la moda y el calzado. Un equipo de profesionales altamente creativo e innovador, que est&aacute; al d&iacute;a de las &uacute;ltimas tendencias de la moda a nivel nacional e internacional.</p>\r\n\r\n<p>En Kamiplast apostamos por materias primas de primera calidad,&nbsp; flexibles y a la vez resistentes, materiales a los que exigimos el cumplimiento de todas las normativas que exige el mercado, elaborando con&nbsp;ellos nuestros productos lideres en moda y estilo.</p>\r\n\r\n<p>&nbsp;</p>\r\n', '<p>En Kamiplast reconocemos el protagonismo de nuestro personal en nuestros logros, Cuando la gente crece, crecemos tambi&eacute;n, por eso son el centro de todo lo que hacemos. Un equipo multidisciplinario con el m&aacute;s alto nivel de compromiso, es nuestra principal credencial y representa el mejor sello de garant&iacute;a que podemos ofrecer a nuestros clientes.&nbsp;<br />\r\n&nbsp;<br />\r\nEn alineaci&oacute;n con nuestros valores,&nbsp; priorizamos la satisfacci&oacute;n de nuestro equipo de trabajo, lo que se traduce directamente en la gran calidad de nuestros productos y la excelente atenci&oacute;n a nuestros clientes.&nbsp;</p>\r\n', 1, '2016-07-18 00:22:59');

-- --------------------------------------------------------

--
-- Estructura de tabla para la tabla `tbla_rdsc`
--

CREATE TABLE IF NOT EXISTS `tbla_rdsc` (
  `id` bigint(20) unsigned NOT NULL AUTO_INCREMENT COMMENT 'Serial de la tabla',
  `rdsc_nomb` varchar(100) COLLATE utf8_bin NOT NULL COMMENT 'Nombre de la red social',
  `rdsc_user` varchar(50) COLLATE utf8_bin NOT NULL COMMENT ' Nombre de usuario de la red social',
  `rdsc_durl` varchar(120) COLLATE utf8_bin NOT NULL COMMENT 'Direcci&oacute;n URL del canal de la red social',
  `rdsc_clas` varchar(145) COLLATE utf8_bin NOT NULL COMMENT 'Clase CSS de la red social',
  `rdsc_colr` varchar(45) COLLATE utf8_bin NOT NULL COMMENT 'Colores disponibles',
  `rdsc_estd` tinyint(1) NOT NULL COMMENT 'Estado del registro',
  `rdsc_freg` timestamp NOT NULL DEFAULT CURRENT_TIMESTAMP COMMENT 'Clase CSS con el icono de font aweasome',
  PRIMARY KEY (`id`),
  UNIQUE KEY `id` (`id`),
  UNIQUE KEY `rdsc_nomb_UNIQUE` (`rdsc_nomb`)
) ENGINE=InnoDB  DEFAULT CHARSET=utf8 COLLATE=utf8_bin COMMENT='Redes Sociales' AUTO_INCREMENT=6 ;

--
-- Volcado de datos para la tabla `tbla_rdsc`
--

INSERT INTO `tbla_rdsc` (`id`, `rdsc_nomb`, `rdsc_user`, `rdsc_durl`, `rdsc_clas`, `rdsc_colr`, `rdsc_estd`, `rdsc_freg`) VALUES
(2, 'twitter', 'purchases_sales', 'https:&#47;&#47;twitter.com&#47;purchases_sales', 'fa fa-twitter', 'color-blue', 1, '2016-07-14 23:04:27'),
(4, 'facebook', 'coast_sand', 'https:&#47;&#47;www.facebook.com&#47;coast.sand.5?ref=br_rs', 'fa fa-facebook', 'color-blue', 1, '2017-01-22 21:53:44'),
(5, 'instagram', '@majesticmembers', 'https:&#47;&#47;www.instagram.com&#47;majesticmembers&#47;?hl=es', 'fa fa-instagram', '', 1, '2019-02-23 01:07:10');

-- --------------------------------------------------------

--
-- Estructura de tabla para la tabla `tbla_rsrv`
--

CREATE TABLE IF NOT EXISTS `tbla_rsrv` (
  `id` bigint(20) unsigned NOT NULL AUTO_INCREMENT COMMENT 'Serial de la tabla',
  `rsrv_mesa` bigint(20) unsigned NOT NULL COMMENT 'Mesa para reservar',
  `rsrv_evnt` bigint(20) unsigned NOT NULL COMMENT 'Evento de la reservaci&oacute;n',
  `rsrv_user` bigint(20) unsigned DEFAULT NULL COMMENT 'Usuario de la reservaci&oacute;n',
  `rsrv_acmp` int(11) DEFAULT NULL COMMENT 'Acompa&ntilde:antes',
  `rsrv_estd` tinyint(1) NOT NULL COMMENT 'Estado de la reserva',
  `rsrv_freg` timestamp NOT NULL DEFAULT CURRENT_TIMESTAMP COMMENT 'Fecha de ingreso del registro',
  PRIMARY KEY (`id`),
  UNIQUE KEY `rsrv_id_UNIQUE` (`id`),
  KEY `fk_tbla_rsrv_1_idx` (`rsrv_mesa`),
  KEY `fk_tbla_rsrv_2_idx` (`rsrv_evnt`),
  KEY `fk_tbla_rsrv_3_idx` (`rsrv_user`)
) ENGINE=InnoDB  DEFAULT CHARSET=latin1 COMMENT='Reservaciones' AUTO_INCREMENT=181 ;

--
-- Volcado de datos para la tabla `tbla_rsrv`
--

INSERT INTO `tbla_rsrv` (`id`, `rsrv_mesa`, `rsrv_evnt`, `rsrv_user`, `rsrv_acmp`, `rsrv_estd`, `rsrv_freg`) VALUES
(1, 1, 5, 1, 3, 1, '2019-02-23 03:38:21'),
(2, 2, 2, NULL, NULL, 0, '2019-02-23 03:38:21'),
(3, 3, 2, NULL, NULL, 0, '2019-02-23 03:38:21'),
(4, 4, 2, NULL, NULL, 0, '2019-02-23 03:38:21'),
(5, 5, 2, NULL, NULL, 0, '2019-02-23 03:38:21'),
(6, 6, 2, NULL, NULL, 0, '2019-02-23 03:38:21'),
(7, 7, 2, NULL, NULL, 0, '2019-02-23 03:38:21'),
(8, 8, 2, NULL, NULL, 0, '2019-02-23 03:38:21'),
(9, 9, 2, NULL, NULL, 0, '2019-02-23 03:38:21'),
(10, 10, 2, NULL, NULL, 0, '2019-02-23 03:38:21'),
(11, 11, 2, NULL, NULL, 0, '2019-02-23 03:38:21'),
(12, 12, 2, NULL, NULL, 0, '2019-02-23 03:38:21'),
(13, 13, 2, NULL, NULL, 0, '2019-02-23 03:38:21'),
(14, 14, 2, NULL, NULL, 0, '2019-02-23 03:38:21'),
(15, 15, 2, NULL, NULL, 0, '2019-02-23 03:38:21'),
(16, 16, 2, NULL, NULL, 0, '2019-02-23 03:38:21'),
(17, 17, 2, NULL, NULL, 0, '2019-02-23 03:38:21'),
(18, 18, 2, NULL, NULL, 0, '2019-02-23 03:38:22'),
(19, 19, 2, NULL, NULL, 0, '2019-02-23 03:38:22'),
(20, 20, 2, NULL, NULL, 0, '2019-02-23 03:38:22'),
(21, 21, 2, NULL, NULL, 0, '2019-02-23 03:38:22'),
(22, 22, 2, NULL, NULL, 0, '2019-02-23 03:38:22'),
(23, 23, 2, NULL, NULL, 0, '2019-02-23 03:38:22'),
(24, 24, 2, NULL, NULL, 0, '2019-02-23 03:38:22'),
(25, 25, 2, NULL, NULL, 0, '2019-02-23 03:38:22'),
(26, 26, 2, NULL, NULL, 0, '2019-02-23 03:38:22'),
(27, 27, 2, NULL, NULL, 0, '2019-02-23 03:38:22'),
(28, 28, 2, NULL, NULL, 0, '2019-02-23 03:38:22'),
(29, 29, 2, NULL, NULL, 0, '2019-02-23 03:38:22'),
(30, 30, 2, NULL, NULL, 0, '2019-02-23 03:38:22'),
(31, 1, 3, NULL, NULL, 0, '2019-02-23 05:05:53'),
(32, 2, 3, NULL, NULL, 0, '2019-02-23 05:05:53'),
(33, 3, 3, NULL, NULL, 0, '2019-02-23 05:05:53'),
(34, 4, 3, NULL, NULL, 0, '2019-02-23 05:05:53'),
(35, 5, 3, NULL, NULL, 0, '2019-02-23 05:05:53'),
(36, 6, 3, NULL, NULL, 0, '2019-02-23 05:05:53'),
(37, 7, 3, NULL, NULL, 0, '2019-02-23 05:05:53'),
(38, 8, 3, NULL, NULL, 0, '2019-02-23 05:05:53'),
(39, 9, 3, NULL, NULL, 0, '2019-02-23 05:05:53'),
(40, 10, 3, NULL, NULL, 0, '2019-02-23 05:05:53'),
(41, 11, 3, NULL, NULL, 0, '2019-02-23 05:05:53'),
(42, 12, 3, NULL, NULL, 0, '2019-02-23 05:05:53'),
(43, 13, 3, NULL, NULL, 0, '2019-02-23 05:05:53'),
(44, 14, 3, NULL, NULL, 0, '2019-02-23 05:05:53'),
(45, 15, 3, NULL, NULL, 0, '2019-02-23 05:05:53'),
(46, 16, 3, NULL, NULL, 0, '2019-02-23 05:05:53'),
(47, 17, 3, NULL, NULL, 0, '2019-02-23 05:05:54'),
(48, 18, 3, NULL, NULL, 0, '2019-02-23 05:05:54'),
(49, 19, 3, NULL, NULL, 0, '2019-02-23 05:05:54'),
(50, 20, 3, NULL, NULL, 0, '2019-02-23 05:05:54'),
(51, 21, 3, NULL, NULL, 0, '2019-02-23 05:05:54'),
(52, 22, 3, NULL, NULL, 0, '2019-02-23 05:05:54'),
(53, 23, 3, NULL, NULL, 0, '2019-02-23 05:05:54'),
(54, 24, 3, NULL, NULL, 0, '2019-02-23 05:05:54'),
(55, 25, 3, NULL, NULL, 0, '2019-02-23 05:05:54'),
(56, 26, 3, NULL, NULL, 0, '2019-02-23 05:05:54'),
(57, 27, 3, NULL, NULL, 0, '2019-02-23 05:05:54'),
(58, 28, 3, NULL, NULL, 0, '2019-02-23 05:05:54'),
(59, 29, 3, NULL, NULL, 0, '2019-02-23 05:05:54'),
(60, 30, 3, NULL, NULL, 0, '2019-02-23 05:05:54'),
(61, 1, 4, NULL, NULL, 0, '2019-02-23 05:07:36'),
(62, 2, 4, NULL, NULL, 0, '2019-02-23 05:07:36'),
(63, 3, 4, NULL, NULL, 0, '2019-02-23 05:07:36'),
(64, 4, 4, NULL, NULL, 0, '2019-02-23 05:07:36'),
(65, 5, 4, NULL, NULL, 0, '2019-02-23 05:07:36'),
(66, 6, 4, NULL, NULL, 0, '2019-02-23 05:07:37'),
(67, 7, 4, NULL, NULL, 0, '2019-02-23 05:07:37'),
(68, 8, 4, NULL, NULL, 0, '2019-02-23 05:07:37'),
(69, 9, 4, NULL, NULL, 0, '2019-02-23 05:07:37'),
(70, 10, 4, NULL, NULL, 0, '2019-02-23 05:07:37'),
(71, 11, 4, NULL, NULL, 0, '2019-02-23 05:07:37'),
(72, 12, 4, NULL, NULL, 0, '2019-02-23 05:07:37'),
(73, 13, 4, NULL, NULL, 0, '2019-02-23 05:07:37'),
(74, 14, 4, NULL, NULL, 0, '2019-02-23 05:07:37'),
(75, 15, 4, NULL, NULL, 0, '2019-02-23 05:07:37'),
(76, 16, 4, NULL, NULL, 0, '2019-02-23 05:07:37'),
(77, 17, 4, NULL, NULL, 0, '2019-02-23 05:07:37'),
(78, 18, 4, NULL, NULL, 0, '2019-02-23 05:07:37'),
(79, 19, 4, NULL, NULL, 0, '2019-02-23 05:07:37'),
(80, 20, 4, NULL, NULL, 0, '2019-02-23 05:07:37'),
(81, 21, 4, NULL, NULL, 0, '2019-02-23 05:07:37'),
(82, 22, 4, NULL, NULL, 0, '2019-02-23 05:07:37'),
(83, 23, 4, NULL, NULL, 0, '2019-02-23 05:07:37'),
(84, 24, 4, NULL, NULL, 0, '2019-02-23 05:07:37'),
(85, 25, 4, NULL, NULL, 0, '2019-02-23 05:07:37'),
(86, 26, 4, NULL, NULL, 0, '2019-02-23 05:07:37'),
(87, 27, 4, NULL, NULL, 0, '2019-02-23 05:07:37'),
(88, 28, 4, NULL, NULL, 0, '2019-02-23 05:07:37'),
(89, 29, 4, NULL, NULL, 0, '2019-02-23 05:07:37'),
(90, 30, 4, NULL, NULL, 0, '2019-02-23 05:07:37'),
(91, 1, 5, 1, 3, 1, '2019-02-23 05:08:55'),
(92, 2, 5, 1, 3, 1, '2019-02-23 05:08:55'),
(93, 3, 5, NULL, NULL, 0, '2019-02-23 05:08:55'),
(94, 4, 5, NULL, NULL, 0, '2019-02-23 05:08:55'),
(95, 5, 5, NULL, NULL, 0, '2019-02-23 05:08:55'),
(96, 6, 5, NULL, NULL, 0, '2019-02-23 05:08:55'),
(97, 7, 5, NULL, NULL, 0, '2019-02-23 05:08:55'),
(98, 8, 5, NULL, NULL, 0, '2019-02-23 05:08:55'),
(99, 9, 5, NULL, NULL, 0, '2019-02-23 05:08:55'),
(100, 10, 5, NULL, NULL, 0, '2019-02-23 05:08:55'),
(101, 11, 5, NULL, NULL, 0, '2019-02-23 05:08:55'),
(102, 12, 5, NULL, NULL, 0, '2019-02-23 05:08:55'),
(103, 13, 5, NULL, NULL, 0, '2019-02-23 05:08:55'),
(104, 14, 5, NULL, NULL, 0, '2019-02-23 05:08:55'),
(105, 15, 5, NULL, NULL, 0, '2019-02-23 05:08:55'),
(106, 16, 5, NULL, NULL, 0, '2019-02-23 05:08:55'),
(107, 17, 5, NULL, NULL, 0, '2019-02-23 05:08:55'),
(108, 18, 5, NULL, NULL, 0, '2019-02-23 05:08:55'),
(109, 19, 5, NULL, NULL, 0, '2019-02-23 05:08:55'),
(110, 20, 5, NULL, NULL, 0, '2019-02-23 05:08:55'),
(111, 21, 5, NULL, NULL, 0, '2019-02-23 05:08:55'),
(112, 22, 5, NULL, NULL, 0, '2019-02-23 05:08:55'),
(113, 23, 5, NULL, NULL, 0, '2019-02-23 05:08:55'),
(114, 24, 5, NULL, NULL, 0, '2019-02-23 05:08:55'),
(115, 25, 5, NULL, NULL, 0, '2019-02-23 05:08:55'),
(116, 26, 5, NULL, NULL, 0, '2019-02-23 05:08:55'),
(117, 27, 5, NULL, NULL, 0, '2019-02-23 05:08:55'),
(118, 28, 5, NULL, NULL, 0, '2019-02-23 05:08:55'),
(119, 29, 5, NULL, NULL, 0, '2019-02-23 05:08:55'),
(120, 30, 5, NULL, NULL, 0, '2019-02-23 05:08:55'),
(121, 1, 6, NULL, NULL, 0, '2019-02-23 05:10:52'),
(122, 2, 6, NULL, NULL, 0, '2019-02-23 05:10:52'),
(123, 3, 6, NULL, NULL, 0, '2019-02-23 05:10:52'),
(124, 4, 6, NULL, NULL, 0, '2019-02-23 05:10:52'),
(125, 5, 6, NULL, NULL, 0, '2019-02-23 05:10:52'),
(126, 6, 6, NULL, NULL, 0, '2019-02-23 05:10:52'),
(127, 7, 6, NULL, NULL, 0, '2019-02-23 05:10:52'),
(128, 8, 6, NULL, NULL, 0, '2019-02-23 05:10:52'),
(129, 9, 6, NULL, NULL, 0, '2019-02-23 05:10:52'),
(130, 10, 6, NULL, NULL, 0, '2019-02-23 05:10:52'),
(131, 11, 6, NULL, NULL, 0, '2019-02-23 05:10:52'),
(132, 12, 6, NULL, NULL, 0, '2019-02-23 05:10:52'),
(133, 13, 6, NULL, NULL, 0, '2019-02-23 05:10:52'),
(134, 14, 6, NULL, NULL, 0, '2019-02-23 05:10:52'),
(135, 15, 6, NULL, NULL, 0, '2019-02-23 05:10:52'),
(136, 16, 6, NULL, NULL, 0, '2019-02-23 05:10:52'),
(137, 17, 6, NULL, NULL, 0, '2019-02-23 05:10:52'),
(138, 18, 6, NULL, NULL, 0, '2019-02-23 05:10:52'),
(139, 19, 6, NULL, NULL, 0, '2019-02-23 05:10:52'),
(140, 20, 6, NULL, NULL, 0, '2019-02-23 05:10:52'),
(141, 21, 6, NULL, NULL, 0, '2019-02-23 05:10:52'),
(142, 22, 6, NULL, NULL, 0, '2019-02-23 05:10:52'),
(143, 23, 6, NULL, NULL, 0, '2019-02-23 05:10:52'),
(144, 24, 6, NULL, NULL, 0, '2019-02-23 05:10:52'),
(145, 25, 6, NULL, NULL, 0, '2019-02-23 05:10:52'),
(146, 26, 6, NULL, NULL, 0, '2019-02-23 05:10:52'),
(147, 27, 6, NULL, NULL, 0, '2019-02-23 05:10:52'),
(148, 28, 6, NULL, NULL, 0, '2019-02-23 05:10:52'),
(149, 29, 6, NULL, NULL, 0, '2019-02-23 05:10:52'),
(150, 30, 6, NULL, NULL, 0, '2019-02-23 05:10:52'),
(151, 1, 7, NULL, NULL, 0, '2019-02-23 05:26:08'),
(152, 2, 7, NULL, NULL, 0, '2019-02-23 05:26:08'),
(153, 3, 7, NULL, NULL, 0, '2019-02-23 05:26:08'),
(154, 4, 7, NULL, NULL, 0, '2019-02-23 05:26:08'),
(155, 5, 7, NULL, NULL, 0, '2019-02-23 05:26:08'),
(156, 6, 7, NULL, NULL, 0, '2019-02-23 05:26:08'),
(157, 7, 7, NULL, NULL, 0, '2019-02-23 05:26:08'),
(158, 8, 7, NULL, NULL, 0, '2019-02-23 05:26:08'),
(159, 9, 7, NULL, NULL, 0, '2019-02-23 05:26:08'),
(160, 10, 7, NULL, NULL, 0, '2019-02-23 05:26:08'),
(161, 11, 7, NULL, NULL, 0, '2019-02-23 05:26:08'),
(162, 12, 7, NULL, NULL, 0, '2019-02-23 05:26:08'),
(163, 13, 7, NULL, NULL, 0, '2019-02-23 05:26:08'),
(164, 14, 7, NULL, NULL, 0, '2019-02-23 05:26:08'),
(165, 15, 7, NULL, NULL, 0, '2019-02-23 05:26:08'),
(166, 16, 7, NULL, NULL, 0, '2019-02-23 05:26:08'),
(167, 17, 7, NULL, NULL, 0, '2019-02-23 05:26:08'),
(168, 18, 7, NULL, NULL, 0, '2019-02-23 05:26:09'),
(169, 19, 7, NULL, NULL, 0, '2019-02-23 05:26:09'),
(170, 20, 7, NULL, NULL, 0, '2019-02-23 05:26:09'),
(171, 21, 7, NULL, NULL, 0, '2019-02-23 05:26:09'),
(172, 22, 7, NULL, NULL, 0, '2019-02-23 05:26:09'),
(173, 23, 7, NULL, NULL, 0, '2019-02-23 05:26:09'),
(174, 24, 7, NULL, NULL, 0, '2019-02-23 05:26:09'),
(175, 25, 7, NULL, NULL, 0, '2019-02-23 05:26:09'),
(176, 26, 7, NULL, NULL, 0, '2019-02-23 05:26:09'),
(177, 27, 7, NULL, NULL, 0, '2019-02-23 05:26:09'),
(178, 28, 7, NULL, NULL, 0, '2019-02-23 05:26:09'),
(179, 29, 7, NULL, NULL, 0, '2019-02-23 05:26:09'),
(180, 30, 7, NULL, NULL, 0, '2019-02-23 05:26:09');

-- --------------------------------------------------------

--
-- Estructura de tabla para la tabla `tbla_secc`
--

CREATE TABLE IF NOT EXISTS `tbla_secc` (
  `id` bigint(20) unsigned NOT NULL AUTO_INCREMENT COMMENT 'Serial de la tabla',
  `secc_ordn` int(11) NOT NULL COMMENT 'Orden en el panel de control',
  `secc_nomb` varchar(100) CHARACTER SET utf8 NOT NULL COMMENT ' Nombre se la secci&oacute;n administrativa',
  `secc_estd` tinyint(1) NOT NULL COMMENT 'Estado del registro',
  `secc_freg` timestamp NOT NULL DEFAULT CURRENT_TIMESTAMP COMMENT 'Fecha de ingreso de registro',
  PRIMARY KEY (`id`),
  UNIQUE KEY `id` (`id`),
  UNIQUE KEY `secc_nomb_UNIQUE` (`secc_nomb`)
) ENGINE=InnoDB  DEFAULT CHARSET=utf8 COLLATE=utf8_bin COMMENT='Secciones' AUTO_INCREMENT=10 ;

--
-- Volcado de datos para la tabla `tbla_secc`
--

INSERT INTO `tbla_secc` (`id`, `secc_ordn`, `secc_nomb`, `secc_estd`, `secc_freg`) VALUES
(1, 1, 'Administraci&oacute;n General', 1, '2016-08-06 00:34:41'),
(2, 2, 'Inicio', 1, '2016-08-09 20:11:13'),
(3, 3, 'Contacto', 1, '2016-09-21 18:51:18'),
(4, 4, 'Eventos', 1, '2016-09-21 18:51:29'),
(5, 5, 'Licores', 1, '2016-09-21 18:51:41'),
(6, 9, 'Empresa', 1, '2016-09-21 18:51:50'),
(7, 7, 'Platos', 1, '2019-02-17 04:06:56'),
(8, 8, 'Sistema Cambiario', 1, '2019-02-17 04:18:17'),
(9, 6, 'Mesas', 1, '2019-02-25 05:44:24');

-- --------------------------------------------------------

--
-- Estructura de tabla para la tabla `tbla_sldi`
--

CREATE TABLE IF NOT EXISTS `tbla_sldi` (
  `id` bigint(20) unsigned NOT NULL AUTO_INCREMENT COMMENT 'Serial de la tabla',
  `sldi_imgn` varchar(45) COLLATE utf8_bin NOT NULL COMMENT 'Imagen del slider en el inicio',
  `sldi_estd` tinyint(1) NOT NULL COMMENT 'Estado del registro',
  `sldi_freg` timestamp NOT NULL DEFAULT CURRENT_TIMESTAMP COMMENT 'Fecha de ingreso del registro',
  PRIMARY KEY (`id`),
  UNIQUE KEY `id_UNIQUE` (`id`),
  UNIQUE KEY `sldi_imgn_UNIQUE` (`sldi_imgn`)
) ENGINE=InnoDB  DEFAULT CHARSET=utf8 COLLATE=utf8_bin COMMENT='Slider de imagenes en el inicio' AUTO_INCREMENT=5 ;

--
-- Volcado de datos para la tabla `tbla_sldi`
--

INSERT INTO `tbla_sldi` (`id`, `sldi_imgn`, `sldi_estd`, `sldi_freg`) VALUES
(1, 'pp-03.jpg', 1, '2019-01-20 23:30:52'),
(2, 'pp-04.jpg', 1, '2019-01-20 23:31:04'),
(3, 'pp-01.jpg', 1, '2019-01-20 23:31:24'),
(4, 'pp-02.jpg', 1, '2019-01-20 23:31:28');

-- --------------------------------------------------------

--
-- Estructura de tabla para la tabla `tbla_sldr`
--

CREATE TABLE IF NOT EXISTS `tbla_sldr` (
  `id` bigint(20) unsigned NOT NULL AUTO_INCREMENT COMMENT 'Serial de la tabla',
  `sldr_imgn` varchar(145) COLLATE utf8_bin NOT NULL COMMENT 'Nombre de la im&aacute;n del banner',
  `sldr_estd` tinyint(1) NOT NULL COMMENT 'Estado del registro',
  `sldr_freg` timestamp NOT NULL DEFAULT CURRENT_TIMESTAMP ON UPDATE CURRENT_TIMESTAMP COMMENT 'Fecha de ingreso del registro',
  PRIMARY KEY (`id`),
  UNIQUE KEY `id_UNIQUE` (`id`),
  UNIQUE KEY `sldr_imgn_UNIQUE` (`sldr_imgn`)
) ENGINE=InnoDB  DEFAULT CHARSET=utf8 COLLATE=utf8_bin COMMENT='Banners en el inicio' AUTO_INCREMENT=9 ;

--
-- Volcado de datos para la tabla `tbla_sldr`
--

INSERT INTO `tbla_sldr` (`id`, `sldr_imgn`, `sldr_estd`, `sldr_freg`) VALUES
(6, 'banner01.jpg', 1, '2018-12-28 19:48:52'),
(7, 'banner02.jpg', 1, '2018-12-28 19:49:01'),
(8, 'banner04.jpg', 1, '2018-12-28 20:01:17');

-- --------------------------------------------------------

--
-- Estructura de tabla para la tabla `tbla_sson`
--

CREATE TABLE IF NOT EXISTS `tbla_sson` (
  `id` bigint(20) unsigned NOT NULL AUTO_INCREMENT COMMENT 'serial de la tabla',
  `sson_usid` bigint(20) NOT NULL COMMENT 'id del usuario',
  `sson_tipo` varchar(4) CHARACTER SET utf8 COLLATE utf8_spanish_ci NOT NULL COMMENT 'Tipo de sesion',
  `sson_tokn` varchar(120) CHARACTER SET utf8 COLLATE utf8_spanish_ci NOT NULL COMMENT 'Token de la session',
  `sson_agnt` varchar(120) CHARACTER SET utf8 COLLATE utf8_spanish_ci NOT NULL COMMENT 'Agente de conxion',
  `sson_dcip` varchar(16) CHARACTER SET utf8 COLLATE utf8_spanish_ci NOT NULL,
  `sson_fchi` timestamp NOT NULL DEFAULT CURRENT_TIMESTAMP COMMENT 'Fecha y hora de inicio de la session',
  PRIMARY KEY (`id`),
  UNIQUE KEY `id_UNIQUE` (`id`)
) ENGINE=InnoDB  DEFAULT CHARSET=utf8 COLLATE=utf8_bin COMMENT='Sessiones de usuario' AUTO_INCREMENT=266 ;

--
-- Volcado de datos para la tabla `tbla_sson`
--

INSERT INTO `tbla_sson` (`id`, `sson_usid`, `sson_tipo`, `sson_tokn`, `sson_agnt`, `sson_dcip`, `sson_fchi`) VALUES
(1, 1, 'adms', '427fba357a08011858f9c05a129dba0d593f2d9be7e3b6.37148164', 'Mozilla/5.0 (X11; Linux x86_64) AppleWebKit/537.36 (KHTML, like Gecko) Chrome/54.0.2840.59 Safari/537.36', '127.0.0.1', '2017-06-13 00:11:00'),
(2, 1, 'adms', 'e399d46c80a98e5e619b003549211111593f45b4747734.16624398', 'Mozilla/5.0 (X11; Linux x86_64) AppleWebKit/537.36 (KHTML, like Gecko) Chrome/54.0.2840.59 Safari/537.36', '127.0.0.1', '2017-06-13 01:53:00'),
(3, 1, 'adms', '5a2f364c502c66a22884f22d1953baab5946d2d0aaab74.30801160', 'Mozilla/5.0 (X11; Linux x86_64) AppleWebKit/537.36 (KHTML, like Gecko) Chrome/54.0.2840.59 Safari/537.36', '127.0.0.1', '2017-06-18 19:21:00'),
(4, 1, 'adms', '8ea592b1cfce90fd5f5c77cd39dae3485946fd531d8022.39238132', 'Mozilla/5.0 (X11; Linux x86_64) AppleWebKit/537.36 (KHTML, like Gecko) Chrome/54.0.2840.59 Safari/537.36', '127.0.0.1', '2017-06-18 22:23:00'),
(5, 1, 'adms', '7fb89fa5fa0cdfce16c28e16a8866b6f5956de28514ce1.29694007', 'Mozilla/5.0 (X11; Linux x86_64) AppleWebKit/537.36 (KHTML, like Gecko) Chrome/54.0.2840.59 Safari/537.36', '127.0.0.1', '2017-06-30 23:26:00'),
(6, 1, 'adms', '2686cf7c00b393bd6e6cbd730013f65b5959666cc88654.36970066', 'Mozilla/5.0 (X11; Linux x86_64) AppleWebKit/537.36 (KHTML, like Gecko) Chrome/54.0.2840.59 Safari/537.36', '127.0.0.1', '2017-07-02 21:32:00'),
(7, 1, 'adms', '2c7fc61c9b53ddf86700e362c4b9e55b59bd75089ccde3.50671536', 'Mozilla/5.0 (X11; Linux x86_64) AppleWebKit/537.36 (KHTML, like Gecko) Chrome/54.0.2840.59 Safari/537.36', '127.0.0.1', '2017-09-16 19:01:00'),
(8, 1, 'adms', '5e2e2914fc49591ee6da747371eecd7b59bd7e720c6ac6.15706734', 'Mozilla/5.0 (X11; Linux x86_64) AppleWebKit/537.36 (KHTML, like Gecko) Chrome/54.0.2840.59 Safari/537.36', '127.0.0.1', '2017-09-16 19:41:00'),
(9, 1, 'adms', '39f60da92b815d6851257eca83ec72a359c2e7f59b87a6.76326882', 'Mozilla/5.0 (X11; Linux x86_64) AppleWebKit/537.36 (KHTML, like Gecko) Chrome/54.0.2840.59 Safari/537.36', '127.0.0.1', '2017-09-20 22:13:00'),
(10, 1, 'adms', '573ae6f4e88a8405d45828af91d1038b59effece980179.97761171', 'Mozilla/5.0 (X11; Linux x86_64) AppleWebKit/537.36 (KHTML, like Gecko) Chrome/54.0.2840.59 Safari/537.36', '127.0.0.1', '2017-10-25 03:02:00'),
(11, 1, 'adms', '421588e1f7839efd59bba679cc4c1cb259ff94a55cc159.16161746', 'Mozilla/5.0 (X11; Linux x86_64) AppleWebKit/537.36 (KHTML, like Gecko) Chrome/54.0.2840.59 Safari/537.36', '127.0.0.1', '2017-11-05 22:45:00'),
(12, 1, 'adms', '7a12dd0a4c606e920a01f8512dc9ac455a0593cbdac878.80828361', 'Mozilla/5.0 (X11; Linux i686) AppleWebKit/537.36 (KHTML, like Gecko) Chrome/48.0.2564.116 Safari/537.36', '127.0.0.1', '2017-11-10 11:55:00'),
(13, 1, 'adms', 'afe558cd1237538846ef81b4ddee9f585a05a7be2749f7.89617585', 'Mozilla/5.0 (X11; Linux i686) AppleWebKit/537.36 (KHTML, like Gecko) Chrome/48.0.2564.116 Safari/537.36', '127.0.0.1', '2017-11-10 13:21:00'),
(14, 1, 'adms', 'fe2a12c0487a1adc76c686706fe3fd195a05c6ccf3c1d0.80141306', 'Mozilla/5.0 (X11; Linux i686) AppleWebKit/537.36 (KHTML, like Gecko) Chrome/48.0.2564.116 Safari/537.36', '127.0.0.1', '2017-11-10 15:33:00'),
(15, 1, 'adms', '204ed8786ea40838739e0f443dabed1b5a05da6b27d4e7.28053114', 'Mozilla/5.0 (X11; Linux i686) AppleWebKit/537.36 (KHTML, like Gecko) Chrome/48.0.2564.116 Safari/537.36', '127.0.0.1', '2017-11-10 16:57:00'),
(16, 1, 'adms', 'b7a0bd583136f5e7a013171d2961b9ed5a05fb0ef37f79.35119749', 'Mozilla/5.0 (X11; Linux i686) AppleWebKit/537.36 (KHTML, like Gecko) Chrome/48.0.2564.116 Safari/537.36', '127.0.0.1', '2017-11-10 19:16:00'),
(17, 1, 'adms', 'f8887bb5eaa25f6742ca73ebfadcb1c55a08f88cb9bfa7.28703965', 'Mozilla/5.0 (X11; Linux x86_64) AppleWebKit/537.36 (KHTML, like Gecko) Chrome/54.0.2840.59 Safari/537.36', '127.0.0.1', '2017-11-13 01:42:00'),
(18, 1, 'adms', '244828fe9ba22d022510ea114cd8ecbe5a766702e01a06.35226111', 'Mozilla/5.0 (X11; Linux x86_64) AppleWebKit/537.36 (KHTML, like Gecko) Chrome/63.0.3239.132 Safari/537.36', '127.0.0.1', '2018-02-04 01:50:00'),
(19, 1, 'adms', '06760544bdda8d448e8d25ecc4fbed295a77636d882845.23147626', 'Mozilla/5.0 (X11; Linux x86_64) AppleWebKit/537.36 (KHTML, like Gecko) Chrome/63.0.3239.132 Safari/537.36', '127.0.0.1', '2018-02-04 19:47:00'),
(20, 1, 'adms', 'b26988f4182a0a52337d0c8cb36c80685a778ceecef5c1.34681774', 'Mozilla/5.0 (X11; Linux x86_64) AppleWebKit/537.36 (KHTML, like Gecko) Chrome/63.0.3239.132 Safari/537.36', '127.0.0.1', '2018-02-04 22:45:00'),
(21, 1, 'adms', '1e1c78679693f465b16a017491fa98b25a779516a114a9.88551109', 'Mozilla/5.0 (X11; Linux x86_64) AppleWebKit/537.36 (KHTML, like Gecko) Chrome/63.0.3239.132 Safari/537.36', '127.0.0.1', '2018-02-04 23:19:00'),
(22, 1, 'adms', '70dac32116902b4a1dbf7261c8817ee45aaed7df9dea21.61088406', 'Mozilla/5.0 (X11; Linux x86_64) AppleWebKit/537.36 (KHTML, like Gecko) Chrome/63.0.3239.132 Safari/537.36', '127.0.0.1', '2018-03-18 22:19:00'),
(23, 1, 'adms', '04118e7b5824de7532ab8eaf248c8bf25ab0895cbdaf21.13682085', 'Mozilla/5.0 (X11; Linux x86_64) AppleWebKit/537.36 (KHTML, like Gecko) Chrome/63.0.3239.132 Safari/537.36', '127.0.0.1', '2018-03-20 05:09:00'),
(24, 1, 'adms', 'a0da7cafa89c15110e3ef652f557ec745ab08dfd962205.66869313', 'Mozilla/5.0 (X11; Linux x86_64) AppleWebKit/537.36 (KHTML, like Gecko) Chrome/63.0.3239.132 Safari/537.36', '127.0.0.1', '2018-03-20 05:28:00'),
(25, 1, 'adms', 'b965a834d2c16a26dc49f223460d578b5ab08e00c90543.06172587', 'Mozilla/5.0 (X11; Linux x86_64) AppleWebKit/537.36 (KHTML, like Gecko) Chrome/63.0.3239.132 Safari/537.36', '127.0.0.1', '2018-03-20 05:28:00'),
(26, 1, 'adms', '0b1cdd53e419dea9b2674e35ea610c445ab08e02479d73.01709973', 'Mozilla/5.0 (X11; Linux x86_64) AppleWebKit/537.36 (KHTML, like Gecko) Chrome/63.0.3239.132 Safari/537.36', '127.0.0.1', '2018-03-20 05:28:00'),
(27, 1, 'adms', '42834dd797fe156a6d9bf18b4c7d3f795ab08e037fc064.46939885', 'Mozilla/5.0 (X11; Linux x86_64) AppleWebKit/537.36 (KHTML, like Gecko) Chrome/63.0.3239.132 Safari/537.36', '127.0.0.1', '2018-03-20 05:28:00'),
(28, 1, 'adms', '3e05d257c191b95dd6ce8622bbaf8fc05ab08e058e1ab5.44474144', 'Mozilla/5.0 (X11; Linux x86_64) AppleWebKit/537.36 (KHTML, like Gecko) Chrome/63.0.3239.132 Safari/537.36', '127.0.0.1', '2018-03-20 05:28:00'),
(29, 1, 'adms', '5ca2a4c666c6034512059c0c91b7238c5ab08e0685f7d6.03264204', 'Mozilla/5.0 (X11; Linux x86_64) AppleWebKit/537.36 (KHTML, like Gecko) Chrome/63.0.3239.132 Safari/537.36', '127.0.0.1', '2018-03-20 05:28:00'),
(30, 1, 'adms', 'a13470d2445e6c8486435b501891d57f5ab08e073ec281.80463764', 'Mozilla/5.0 (X11; Linux x86_64) AppleWebKit/537.36 (KHTML, like Gecko) Chrome/63.0.3239.132 Safari/537.36', '127.0.0.1', '2018-03-20 05:28:00'),
(31, 1, 'adms', '56555824ce95c8b7d8fdb9ebd8aebf985ab08e0802f946.17065607', 'Mozilla/5.0 (X11; Linux x86_64) AppleWebKit/537.36 (KHTML, like Gecko) Chrome/63.0.3239.132 Safari/537.36', '127.0.0.1', '2018-03-20 05:28:00'),
(32, 1, 'adms', '9636f8a033ab4ae51b085727c860b31c5ab08e091b6da0.31839224', 'Mozilla/5.0 (X11; Linux x86_64) AppleWebKit/537.36 (KHTML, like Gecko) Chrome/63.0.3239.132 Safari/537.36', '127.0.0.1', '2018-03-20 05:28:00'),
(33, 1, 'adms', '7886258a914e878b2d0d97e5c18a77c95ab08e09de8118.95965437', 'Mozilla/5.0 (X11; Linux x86_64) AppleWebKit/537.36 (KHTML, like Gecko) Chrome/63.0.3239.132 Safari/537.36', '127.0.0.1', '2018-03-20 05:28:00'),
(34, 1, 'adms', '6af9d93d5d9afdb17afab518d2c1daa85ab08e0aacf7c2.63253258', 'Mozilla/5.0 (X11; Linux x86_64) AppleWebKit/537.36 (KHTML, like Gecko) Chrome/63.0.3239.132 Safari/537.36', '127.0.0.1', '2018-03-20 05:28:00'),
(35, 1, 'adms', 'b03ebee84f23f786461d3ebf989c7ade5ab08e0b9f4959.72529716', 'Mozilla/5.0 (X11; Linux x86_64) AppleWebKit/537.36 (KHTML, like Gecko) Chrome/63.0.3239.132 Safari/537.36', '127.0.0.1', '2018-03-20 05:28:00'),
(36, 1, 'adms', 'c592ca839322f94d994a53e3db1f769b5ab08e0c639a92.73614093', 'Mozilla/5.0 (X11; Linux x86_64) AppleWebKit/537.36 (KHTML, like Gecko) Chrome/63.0.3239.132 Safari/537.36', '127.0.0.1', '2018-03-20 05:29:00'),
(37, 1, 'adms', 'c2cc4d80b79a8963618fc1a678977fe45ab08e0d2426e4.80644642', 'Mozilla/5.0 (X11; Linux x86_64) AppleWebKit/537.36 (KHTML, like Gecko) Chrome/63.0.3239.132 Safari/537.36', '127.0.0.1', '2018-03-20 05:29:00'),
(38, 1, 'adms', '3d30f7f218a403b1d90048e9f5a157bc5ab08e0dd8d871.40912836', 'Mozilla/5.0 (X11; Linux x86_64) AppleWebKit/537.36 (KHTML, like Gecko) Chrome/63.0.3239.132 Safari/537.36', '127.0.0.1', '2018-03-20 05:29:00'),
(39, 1, 'adms', 'ca9bb26d6c42813f6713c4e8157c2b895ab08e0ed7f621.87631858', 'Mozilla/5.0 (X11; Linux x86_64) AppleWebKit/537.36 (KHTML, like Gecko) Chrome/63.0.3239.132 Safari/537.36', '127.0.0.1', '2018-03-20 05:29:00'),
(40, 1, 'adms', '10283e58e6539742ddd1af8aeea5ab8f5ab08e0f97c957.47668654', 'Mozilla/5.0 (X11; Linux x86_64) AppleWebKit/537.36 (KHTML, like Gecko) Chrome/63.0.3239.132 Safari/537.36', '127.0.0.1', '2018-03-20 05:29:00'),
(41, 1, 'adms', '7aa2395aa6a5a81de4c608aa416226c05ab08e11473fd9.25207836', 'Mozilla/5.0 (X11; Linux x86_64) AppleWebKit/537.36 (KHTML, like Gecko) Chrome/63.0.3239.132 Safari/537.36', '127.0.0.1', '2018-03-20 05:29:00'),
(42, 1, 'adms', 'b5df68a2cf0c66ed2f0b178923b15c765ab08e12026275.81737164', 'Mozilla/5.0 (X11; Linux x86_64) AppleWebKit/537.36 (KHTML, like Gecko) Chrome/63.0.3239.132 Safari/537.36', '127.0.0.1', '2018-03-20 05:29:00'),
(43, 1, 'adms', '4baca416ae70b53e702820d4dcdc02ac5ab08e14d7d035.32712828', 'Mozilla/5.0 (X11; Linux x86_64) AppleWebKit/537.36 (KHTML, like Gecko) Chrome/63.0.3239.132 Safari/537.36', '127.0.0.1', '2018-03-20 05:29:00'),
(44, 1, 'adms', '982ff76916a4fd410906ba7286e08f0c5ab08e15a302b2.64266335', 'Mozilla/5.0 (X11; Linux x86_64) AppleWebKit/537.36 (KHTML, like Gecko) Chrome/63.0.3239.132 Safari/537.36', '127.0.0.1', '2018-03-20 05:29:00'),
(45, 1, 'adms', '3063097f5412837a82e96200d87d43b55ab08e1661f4b1.07308316', 'Mozilla/5.0 (X11; Linux x86_64) AppleWebKit/537.36 (KHTML, like Gecko) Chrome/63.0.3239.132 Safari/537.36', '127.0.0.1', '2018-03-20 05:29:00'),
(46, 1, 'adms', '7dc2f4d4cd9cca1545fc2750e10f63d95ab08e17490a99.50371262', 'Mozilla/5.0 (X11; Linux x86_64) AppleWebKit/537.36 (KHTML, like Gecko) Chrome/63.0.3239.132 Safari/537.36', '127.0.0.1', '2018-03-20 05:29:00'),
(47, 1, 'adms', 'f6a26314a404200fdef7759308a85ce25ab08e27b11693.68246953', 'Mozilla/5.0 (X11; Linux x86_64) AppleWebKit/537.36 (KHTML, like Gecko) Chrome/63.0.3239.132 Safari/537.36', '127.0.0.1', '2018-03-20 05:29:00'),
(48, 1, 'adms', '7f10d30efc56e5d79d2751a4ffdcce2c5ab08e49863654.63111740', 'Mozilla/5.0 (X11; Linux x86_64) AppleWebKit/537.36 (KHTML, like Gecko) Chrome/63.0.3239.132 Safari/537.36', '127.0.0.1', '2018-03-20 05:30:00'),
(49, 1, 'adms', '6649d3f9af5c750c185ba3ef4e0e65825ab08e57326250.28218143', 'Mozilla/5.0 (X11; Linux x86_64) AppleWebKit/537.36 (KHTML, like Gecko) Chrome/63.0.3239.132 Safari/537.36', '127.0.0.1', '2018-03-20 05:30:00'),
(50, 1, 'adms', '0922acc204d3f0a3c0646e9551eb6d7b5ab08e5eb16440.75408514', 'Mozilla/5.0 (X11; Linux x86_64) AppleWebKit/537.36 (KHTML, like Gecko) Chrome/63.0.3239.132 Safari/537.36', '127.0.0.1', '2018-03-20 05:30:00'),
(51, 1, 'adms', 'bd6955d73a5bc512feee6e900e4b77fb5ab08e63e6f727.95491826', 'Mozilla/5.0 (X11; Linux x86_64) AppleWebKit/537.36 (KHTML, like Gecko) Chrome/63.0.3239.132 Safari/537.36', '127.0.0.1', '2018-03-20 05:30:00'),
(52, 1, 'adms', 'c5d75283834a2e469d6cbcd69e3629a55ab08e67dd2456.48521233', 'Mozilla/5.0 (X11; Linux x86_64) AppleWebKit/537.36 (KHTML, like Gecko) Chrome/63.0.3239.132 Safari/537.36', '127.0.0.1', '2018-03-20 05:30:00'),
(53, 1, 'adms', '874153cd735c00b37f9e70ae40f79ded5ab08e78e0a245.08274806', 'Mozilla/5.0 (X11; Linux x86_64) AppleWebKit/537.36 (KHTML, like Gecko) Chrome/63.0.3239.132 Safari/537.36', '127.0.0.1', '2018-03-20 05:30:00'),
(54, 1, 'adms', '0a36ea6381a10a95f1922cd6587cc3595ab2825d5f0d54.74290810', 'Mozilla/5.0 (X11; Linux x86_64) AppleWebKit/537.36 (KHTML, like Gecko) Chrome/63.0.3239.132 Safari/537.36', '127.0.0.1', '2018-03-21 17:03:00'),
(55, 1, 'adms', '006d4614d817d31185f69ddb26c6785d5ab28261f23321.68396152', 'Mozilla/5.0 (X11; Linux x86_64) AppleWebKit/537.36 (KHTML, like Gecko) Chrome/63.0.3239.132 Safari/537.36', '127.0.0.1', '2018-03-21 17:03:00'),
(56, 1, 'adms', 'b55cbe164ae9ac1cccf34675a41ee2345ab2826862ae90.74569291', 'Mozilla/5.0 (X11; Linux x86_64) AppleWebKit/537.36 (KHTML, like Gecko) Chrome/63.0.3239.132 Safari/537.36', '127.0.0.1', '2018-03-21 17:03:00'),
(57, 1, 'adms', 'ea0fd1f1bc324b61d241b72452e0bdfd5ab2826d2fd740.75756390', 'Mozilla/5.0 (X11; Linux x86_64) AppleWebKit/537.36 (KHTML, like Gecko) Chrome/63.0.3239.132 Safari/537.36', '127.0.0.1', '2018-03-21 17:03:00'),
(58, 1, 'adms', '814a253c3e4e18e21430a848b049f6075ab28273228889.77875951', 'Mozilla/5.0 (X11; Linux x86_64) AppleWebKit/537.36 (KHTML, like Gecko) Chrome/63.0.3239.132 Safari/537.36', '127.0.0.1', '2018-03-21 17:04:00'),
(59, 1, 'adms', '20dd1222ee6b7da00761a2cbd77ccf815ab2827458c923.64277972', 'Mozilla/5.0 (X11; Linux x86_64) AppleWebKit/537.36 (KHTML, like Gecko) Chrome/63.0.3239.132 Safari/537.36', '127.0.0.1', '2018-03-21 17:04:00'),
(60, 1, 'adms', '81c039b5b043b8a69ee4af9d61b18f865ab28275b3abc5.20671132', 'Mozilla/5.0 (X11; Linux x86_64) AppleWebKit/537.36 (KHTML, like Gecko) Chrome/63.0.3239.132 Safari/537.36', '127.0.0.1', '2018-03-21 17:04:00'),
(61, 1, 'adms', '307edea3441afef2e55c74ae877da4555ab28276ab7224.77790671', 'Mozilla/5.0 (X11; Linux x86_64) AppleWebKit/537.36 (KHTML, like Gecko) Chrome/63.0.3239.132 Safari/537.36', '127.0.0.1', '2018-03-21 17:04:00'),
(62, 1, 'adms', '31f72a7be76520ad61cc8f9ab0cace635ab282777282e2.79200939', 'Mozilla/5.0 (X11; Linux x86_64) AppleWebKit/537.36 (KHTML, like Gecko) Chrome/63.0.3239.132 Safari/537.36', '127.0.0.1', '2018-03-21 17:04:00'),
(63, 1, 'adms', '7f04acf8d37c11dd04a1e226f287d9ee5ab2827852bb79.19984408', 'Mozilla/5.0 (X11; Linux x86_64) AppleWebKit/537.36 (KHTML, like Gecko) Chrome/63.0.3239.132 Safari/537.36', '127.0.0.1', '2018-03-21 17:04:00'),
(64, 1, 'adms', '80ed4e6b5488dde4071e42fb7483442e5ab28279171670.17837895', 'Mozilla/5.0 (X11; Linux x86_64) AppleWebKit/537.36 (KHTML, like Gecko) Chrome/63.0.3239.132 Safari/537.36', '127.0.0.1', '2018-03-21 17:04:00'),
(65, 1, 'adms', '978fc2ef5b17440187fc37f1a447e4ff5ab28279c32a19.00153141', 'Mozilla/5.0 (X11; Linux x86_64) AppleWebKit/537.36 (KHTML, like Gecko) Chrome/63.0.3239.132 Safari/537.36', '127.0.0.1', '2018-03-21 17:04:00'),
(66, 1, 'adms', '7abf8cf3112876133c3ea142f397e2315ab2827a83a5d6.07700535', 'Mozilla/5.0 (X11; Linux x86_64) AppleWebKit/537.36 (KHTML, like Gecko) Chrome/63.0.3239.132 Safari/537.36', '127.0.0.1', '2018-03-21 17:04:00'),
(67, 1, 'adms', '939013e65e1ae16998fe26246160515c5ab2827b3a3b77.22891592', 'Mozilla/5.0 (X11; Linux x86_64) AppleWebKit/537.36 (KHTML, like Gecko) Chrome/63.0.3239.132 Safari/537.36', '127.0.0.1', '2018-03-21 17:04:00'),
(68, 1, 'adms', 'b9bd9ba0e1fffb75a789a5f5e4ea85615ab2827c554552.47364664', 'Mozilla/5.0 (X11; Linux x86_64) AppleWebKit/537.36 (KHTML, like Gecko) Chrome/63.0.3239.132 Safari/537.36', '127.0.0.1', '2018-03-21 17:04:00'),
(69, 1, 'adms', '512aa34c5c908a442fe48f229f6f530a5ab2827d102dd4.16398414', 'Mozilla/5.0 (X11; Linux x86_64) AppleWebKit/537.36 (KHTML, like Gecko) Chrome/63.0.3239.132 Safari/537.36', '127.0.0.1', '2018-03-21 17:04:00'),
(70, 1, 'adms', '5584aefff662cf6f21d4209af3d933325ab282a7dbdc55.48981804', 'Mozilla/5.0 (X11; Linux x86_64) AppleWebKit/537.36 (KHTML, like Gecko) Chrome/63.0.3239.132 Safari/537.36', '127.0.0.1', '2018-03-21 17:04:00'),
(71, 1, 'adms', '435c8eaee761dca7c8c7ff13d28e89d25ab282aab88445.28522139', 'Mozilla/5.0 (X11; Linux x86_64) AppleWebKit/537.36 (KHTML, like Gecko) Chrome/63.0.3239.132 Safari/537.36', '127.0.0.1', '2018-03-21 17:04:00'),
(72, 1, 'adms', '09fa4671febcc93b279eb49cc0b1e6875ab282b9602eb0.15242573', 'Mozilla/5.0 (X11; Linux x86_64) AppleWebKit/537.36 (KHTML, like Gecko) Chrome/63.0.3239.132 Safari/537.36', '127.0.0.1', '2018-03-21 17:05:00'),
(73, 1, 'adms', '39d3da865c1db09ae824f60fc600c5e85ab282baa9e9b8.29821253', 'Mozilla/5.0 (X11; Linux x86_64) AppleWebKit/537.36 (KHTML, like Gecko) Chrome/63.0.3239.132 Safari/537.36', '127.0.0.1', '2018-03-21 17:05:00'),
(74, 1, 'adms', '9ab5a8b78c2b37833418bff1e9bf68865ab282bb74a5c6.10595325', 'Mozilla/5.0 (X11; Linux x86_64) AppleWebKit/537.36 (KHTML, like Gecko) Chrome/63.0.3239.132 Safari/537.36', '127.0.0.1', '2018-03-21 17:05:00'),
(75, 1, 'adms', '107f3a345f728e905bfc6e73046c57a25ab282bc3e4e46.62456866', 'Mozilla/5.0 (X11; Linux x86_64) AppleWebKit/537.36 (KHTML, like Gecko) Chrome/63.0.3239.132 Safari/537.36', '127.0.0.1', '2018-03-21 17:05:00'),
(76, 1, 'adms', 'a9b9b39d76573f6cfbe23ec3d7c5e7dc5ab282e2bb1fd0.20899461', 'Mozilla/5.0 (X11; Linux x86_64) AppleWebKit/537.36 (KHTML, like Gecko) Chrome/63.0.3239.132 Safari/537.36', '127.0.0.1', '2018-03-21 17:05:00'),
(77, 1, 'adms', '0cca6ffbb48410438d89adf7d8d6804c5ab282e40b5ea7.50170837', 'Mozilla/5.0 (X11; Linux x86_64) AppleWebKit/537.36 (KHTML, like Gecko) Chrome/63.0.3239.132 Safari/537.36', '127.0.0.1', '2018-03-21 17:05:00'),
(78, 1, 'adms', 'f0fe5fde037d5b37f391d01fefafdb155ab282e9257c45.77900090', 'Mozilla/5.0 (X11; Linux x86_64) AppleWebKit/537.36 (KHTML, like Gecko) Chrome/63.0.3239.132 Safari/537.36', '127.0.0.1', '2018-03-21 17:06:00'),
(79, 1, 'adms', 'b0b765962708c087302648bfd6a56ada5ab282eb77d904.41144574', 'Mozilla/5.0 (X11; Linux x86_64) AppleWebKit/537.36 (KHTML, like Gecko) Chrome/63.0.3239.132 Safari/537.36', '127.0.0.1', '2018-03-21 17:06:00'),
(80, 1, 'adms', 'b34d4904cbb7ab479c32575387190f5c5ab282f832b0a0.65513246', 'Mozilla/5.0 (X11; Linux x86_64) AppleWebKit/537.36 (KHTML, like Gecko) Chrome/63.0.3239.132 Safari/537.36', '127.0.0.1', '2018-03-21 17:06:00'),
(81, 1, 'adms', '3336d9253cc2cbfea796cef73d4c79235ab2836e6c6fb4.45650224', 'Mozilla/5.0 (X11; Linux x86_64) AppleWebKit/537.36 (KHTML, like Gecko) Chrome/63.0.3239.132 Safari/537.36', '127.0.0.1', '2018-03-21 17:08:00'),
(82, 1, 'adms', 'a9cb80171440c3550231c799fc548f415ab2839a3259d9.27925272', 'Mozilla/5.0 (X11; Linux x86_64) AppleWebKit/537.36 (KHTML, like Gecko) Chrome/63.0.3239.132 Safari/537.36', '127.0.0.1', '2018-03-21 17:08:00'),
(83, 1, 'adms', 'f20c4882e01307d14dcbf108365be61c5ab283d0b79696.83333036', 'Mozilla/5.0 (X11; Linux x86_64) AppleWebKit/537.36 (KHTML, like Gecko) Chrome/63.0.3239.132 Safari/537.36', '127.0.0.1', '2018-03-21 17:09:00'),
(84, 1, 'adms', '35d5dd356b14f032a07a3114939203d65ab283d3f186b2.58611702', 'Mozilla/5.0 (X11; Linux x86_64) AppleWebKit/537.36 (KHTML, like Gecko) Chrome/63.0.3239.132 Safari/537.36', '127.0.0.1', '2018-03-21 17:09:00'),
(85, 1, 'adms', 'a990a34a37e4ba605c288c5020a1cb5c5ab283f4e31e44.55208356', 'Mozilla/5.0 (X11; Linux x86_64) AppleWebKit/537.36 (KHTML, like Gecko) Chrome/63.0.3239.132 Safari/537.36', '127.0.0.1', '2018-03-21 17:10:00'),
(86, 1, 'adms', '8edd80cf91907f15191e7f90245e445c5ab284039a8885.16812114', 'Mozilla/5.0 (X11; Linux x86_64) AppleWebKit/537.36 (KHTML, like Gecko) Chrome/63.0.3239.132 Safari/537.36', '127.0.0.1', '2018-03-21 17:10:00'),
(87, 1, 'adms', 'b7ed5e49bf1b74d20ba09f7f1e0e9a855ab284ebbad536.89636569', 'Mozilla/5.0 (X11; Linux x86_64) AppleWebKit/537.36 (KHTML, like Gecko) Chrome/63.0.3239.132 Safari/537.36', '127.0.0.1', '2018-03-21 17:14:00'),
(88, 1, 'adms', '235b0a40d5f2f02afe1eebb900cf2e015ab2851af29503.40652517', 'Mozilla/5.0 (X11; Linux x86_64) AppleWebKit/537.36 (KHTML, like Gecko) Chrome/63.0.3239.132 Safari/537.36', '127.0.0.1', '2018-03-21 17:15:00'),
(89, 1, 'adms', '3f121f43808c7a5c6862632a3fa52e4d5ab285a81f1ce7.12930543', 'Mozilla/5.0 (X11; Linux x86_64) AppleWebKit/537.36 (KHTML, like Gecko) Chrome/63.0.3239.132 Safari/537.36', '127.0.0.1', '2018-03-21 17:17:00'),
(90, 1, 'adms', '138b1f55beb5fa8e68e0bbf7b13611775ab285a9b39555.87240089', 'Mozilla/5.0 (X11; Linux x86_64) AppleWebKit/537.36 (KHTML, like Gecko) Chrome/63.0.3239.132 Safari/537.36', '127.0.0.1', '2018-03-21 17:17:00'),
(91, 1, 'adms', 'a6083b9a991a5e4aad0efd8beff975265ab285f047f409.37657947', 'Mozilla/5.0 (X11; Linux x86_64) AppleWebKit/537.36 (KHTML, like Gecko) Chrome/63.0.3239.132 Safari/537.36', '127.0.0.1', '2018-03-21 17:18:00'),
(92, 1, 'adms', '6490dc4e627c039410842b6c4432dcba5ab2a5a9ae5eb3.66775810', 'Mozilla/5.0 (X11; Linux x86_64) AppleWebKit/537.36 (KHTML, like Gecko) Chrome/63.0.3239.132 Safari/537.36', '127.0.0.1', '2018-03-21 19:34:00'),
(93, 1, 'adms', '225d28a19148990a407bd736067471d05ab2a5fc75f9d6.73680887', 'Mozilla/5.0 (X11; Linux x86_64) AppleWebKit/537.36 (KHTML, like Gecko) Chrome/63.0.3239.132 Safari/537.36', '127.0.0.1', '2018-03-21 19:35:00'),
(94, 1, 'adms', 'c8dedee6931ba37a9aac8858e7973be05ab2a627776b70.44755903', 'Mozilla/5.0 (X11; Linux x86_64) AppleWebKit/537.36 (KHTML, like Gecko) Chrome/63.0.3239.132 Safari/537.36', '127.0.0.1', '2018-03-21 19:36:00'),
(95, 1, 'adms', '97b6ff62f905e7e36449375cefb229855ab2a653529658.26185086', 'Mozilla/5.0 (X11; Linux x86_64) AppleWebKit/537.36 (KHTML, like Gecko) Chrome/63.0.3239.132 Safari/537.36', '127.0.0.1', '2018-03-21 19:37:00'),
(96, 1, 'adms', '3e6ac798d390672cd52e66408ff7482e5ab2a706034fb8.26530269', 'Mozilla/5.0 (X11; Linux x86_64) AppleWebKit/537.36 (KHTML, like Gecko) Chrome/63.0.3239.132 Safari/537.36', '127.0.0.1', '2018-03-21 19:40:00'),
(97, 1, 'adms', '833aab600986d43d4e323fbdad0fd0ec5ab2d47ce14474.07758677', 'Mozilla/5.0 (X11; Linux x86_64) AppleWebKit/537.36 (KHTML, like Gecko) Chrome/63.0.3239.132 Safari/537.36', '127.0.0.1', '2018-03-21 22:54:00'),
(98, 1, 'adms', 'ffd0f24040cd2fb8413be075fbd11c125ab7f5eb50f9f8.46859787', 'Mozilla/5.0 (X11; Linux x86_64) AppleWebKit/537.36 (KHTML, like Gecko) Chrome/63.0.3239.132 Safari/537.36', '127.0.0.1', '2018-03-25 20:18:00'),
(99, 1, 'adms', '708c2f141049b9b24881e1f503105ba75ab92f56ce01c1.01332247', 'Mozilla/5.0 (X11; Linux x86_64) AppleWebKit/537.36 (KHTML, like Gecko) Chrome/63.0.3239.132 Safari/537.36', '127.0.0.1', '2018-03-26 18:35:00'),
(100, 1, 'adms', '98213d68a4cdecf94da1653c6642043a5ac1377f532e46.13768738', 'Mozilla/5.0 (X11; Linux x86_64) AppleWebKit/537.36 (KHTML, like Gecko) Chrome/63.0.3239.132 Safari/537.36', '127.0.0.1', '2018-04-01 20:48:00'),
(101, 1, 'adms', 'ec8704d0f3ef0c8b5ea0d4479342291b5ac7d8710d9407.15831765', 'Mozilla/5.0 (X11; Linux x86_64) AppleWebKit/537.36 (KHTML, like Gecko) Chrome/63.0.3239.132 Safari/537.36', '127.0.0.1', '2018-04-06 21:28:00'),
(102, 1, 'adms', '0ccb89478d3102c0886faecc5ae50cdf5ac7eabc92cc90.81114605', 'Mozilla/5.0 (X11; Linux x86_64) AppleWebKit/537.36 (KHTML, like Gecko) Chrome/63.0.3239.132 Safari/537.36', '127.0.0.1', '2018-04-06 22:46:00'),
(103, 1, 'adms', 'd4598f8060f22586b737a06ff935526f5ac8093623c520.25231968', 'Mozilla/5.0 (X11; Linux x86_64) AppleWebKit/537.36 (KHTML, like Gecko) Chrome/63.0.3239.132 Safari/537.36', '127.0.0.1', '2018-04-07 00:56:00'),
(104, 1, 'adms', '79c2cf0b3eeacc8121d0c5adcac926525ae1103e4eae42.21204709', 'Mozilla/5.0 (X11; Linux x86_64) AppleWebKit/537.36 (KHTML, like Gecko) Chrome/63.0.3239.132 Safari/537.36', '127.0.0.1', '2018-04-26 00:33:00'),
(105, 1, 'adms', '121d72141409ff7d8a0313b67d6e22785ae1159e1df970.16677130', 'Mozilla/5.0 (X11; Linux x86_64) AppleWebKit/537.36 (KHTML, like Gecko) Chrome/63.0.3239.132 Safari/537.36', '127.0.0.1', '2018-04-26 00:56:00'),
(106, 1, 'adms', '0ae1a69a0e78760facd31c6f7b60a64f5ae1183eed1906.92947973', 'Mozilla/5.0 (X11; Linux x86_64) AppleWebKit/537.36 (KHTML, like Gecko) Chrome/63.0.3239.132 Safari/537.36', '127.0.0.1', '2018-04-26 01:07:00'),
(107, 1, 'adms', '7eba962542d5b596e8b2223a38700f545ae119adc0d402.51036671', 'Mozilla/5.0 (X11; Linux x86_64) AppleWebKit/537.36 (KHTML, like Gecko) Chrome/63.0.3239.132 Safari/537.36', '127.0.0.1', '2018-04-26 01:13:00'),
(108, 1, 'adms', '863e483277785b2ae1871e6d90270b655ae12c18bf02a5.21238472', 'Mozilla/5.0 (X11; Linux x86_64) AppleWebKit/537.36 (KHTML, like Gecko) Chrome/63.0.3239.132 Safari/537.36', '127.0.0.1', '2018-04-26 02:32:00'),
(109, 1, 'adms', 'd27bf79272820c1e7174b79cd8e053aa5c1c30628aef66.80408203', 'Mozilla/5.0 (X11; Linux x86_64) AppleWebKit/537.36 (KHTML, like Gecko) Chrome/63.0.3239.132 Safari/537.36', '127.0.0.1', '2018-12-21 00:14:00'),
(110, 1, 'adms', 'f6e276915403a83844e48322d89d61ee5c1c6b4b710479.18402418', 'Mozilla/5.0 (X11; Linux x86_64) AppleWebKit/537.36 (KHTML, like Gecko) Chrome/63.0.3239.132 Safari/537.36', '127.0.0.1', '2018-12-21 04:25:00'),
(111, 1, 'adms', '4590edadb7205557fafb82bec58e70d45c1d064f17e9f0.10582118', 'Mozilla/5.0 (X11; Linux x86_64) AppleWebKit/537.36 (KHTML, like Gecko) Chrome/63.0.3239.132 Safari/537.36', '127.0.0.1', '2018-12-21 15:27:00'),
(112, 1, 'adms', '2c83bb4fa66b0e00c7a1e891e91682915c1d86de4111a8.51378723', 'Mozilla/5.0 (X11; Linux x86_64) AppleWebKit/537.36 (KHTML, like Gecko) Chrome/63.0.3239.132 Safari/537.36', '127.0.0.1', '2018-12-22 00:35:00'),
(113, 1, 'adms', '9e9a603b98c91d7532b441032f8038395c267db4a50509.78456569', 'Mozilla/5.0 (X11; Linux x86_64) AppleWebKit/537.36 (KHTML, like Gecko) Chrome/63.0.3239.132 Safari/537.36', '127.0.0.1', '2018-12-28 19:47:00'),
(114, 1, 'adms', 'cc12d512e7c9d45881ccc2a56718ba9c5c26a418ccdba3.36533774', 'Mozilla/5.0 (X11; Linux x86_64) AppleWebKit/537.36 (KHTML, like Gecko) Chrome/63.0.3239.132 Safari/537.36', '127.0.0.1', '2018-12-28 22:30:00'),
(115, 1, 'adms', '0df52ce5c535e71f78dac08acbcb28205c2ea1bab3e876.43003113', 'Mozilla/5.0 (X11; Linux x86_64) AppleWebKit/537.36 (KHTML, like Gecko) Chrome/63.0.3239.132 Safari/537.36', '127.0.0.1', '2019-01-03 23:58:00'),
(116, 1, 'adms', 'a3bb7631e857940c73ff6348f8d1d8d45c365ba6ed91c0.97353484', 'Mozilla/5.0 (X11; Linux x86_64) AppleWebKit/537.36 (KHTML, like Gecko) Chrome/71.0.3578.98 Safari/537.36', '127.0.0.1', '2019-01-09 20:37:00'),
(117, 1, 'adms', '5f38765099fed3c5e27ae2f51745989e5c36921050eeb0.79827737', 'Mozilla/5.0 (X11; Linux x86_64) AppleWebKit/537.36 (KHTML, like Gecko) Chrome/71.0.3578.98 Safari/537.36', '127.0.0.1', '2019-01-10 00:30:00'),
(118, 1, 'adms', 'ad17238bdc1a5e7332e47ab4f3ae03885c36a497d99409.44570590', 'Mozilla/5.0 (X11; Linux x86_64) AppleWebKit/537.36 (KHTML, like Gecko) Chrome/71.0.3578.98 Safari/537.36', '127.0.0.1', '2019-01-10 01:49:00'),
(119, 1, 'adms', '9d241dfc2857b4c8b0d709d51d9880bc5c37ebef04e399.73631448', 'Mozilla/5.0 (X11; Linux x86_64) AppleWebKit/537.36 (KHTML, like Gecko) Chrome/71.0.3578.98 Safari/537.36', '127.0.0.1', '2019-01-11 01:05:00'),
(120, 1, 'adms', '258b310eb86a9d11f979d923465c54295c3d4968d179a4.33361258', 'Mozilla/5.0 (X11; Linux x86_64) AppleWebKit/537.36 (KHTML, like Gecko) Chrome/71.0.3578.98 Safari/537.36', '127.0.0.1', '2019-01-15 02:46:00'),
(121, 1, 'adms', '08bec63292540d4051440be220b103295c42344a4f7188.08216666', 'Mozilla/5.0 (X11; Linux x86_64) AppleWebKit/537.36 (KHTML, like Gecko) Chrome/71.0.3578.98 Safari/537.36', '127.0.0.1', '2019-01-18 20:17:00'),
(122, 1, 'adms', 'b2f90bb1207e86aa6eac4a00baad4f215c42344a5c47e8.16941602', 'Mozilla/5.0 (X11; Linux x86_64) AppleWebKit/537.36 (KHTML, like Gecko) Chrome/71.0.3578.98 Safari/537.36', '127.0.0.1', '2019-01-18 20:17:00'),
(123, 1, 'adms', '306cef22fed0a5f26ba7cdf5d6fbe0805c44f6f8e26724.73275681', 'Mozilla/5.0 (X11; Linux x86_64) AppleWebKit/537.36 (KHTML, like Gecko) Chrome/71.0.3578.98 Safari/537.36', '127.0.0.1', '2019-01-20 22:32:00'),
(124, 1, 'adms', 'bc8596efcba33e5cd4e0847b8cd64ad05c4530b1be25c7.80994305', 'Mozilla/5.0 (X11; Linux x86_64) AppleWebKit/537.36 (KHTML, like Gecko) Chrome/71.0.3578.98 Safari/537.36', '127.0.0.1', '2019-01-21 02:38:00'),
(125, 1, 'adms', '2d2fc659ef306188f8229950d51299e35c4558f3cc69a6.17407980', 'Mozilla/5.0 (X11; Linux x86_64) AppleWebKit/537.36 (KHTML, like Gecko) Chrome/71.0.3578.98 Safari/537.36', '127.0.0.1', '2019-01-21 05:30:00'),
(126, 1, 'adms', '880008af2fd17c447b7218196fdaf4f05c4680a888e798.10677052', 'Mozilla/5.0 (X11; Linux x86_64) AppleWebKit/537.36 (KHTML, like Gecko) Chrome/71.0.3578.98 Safari/537.36', '127.0.0.1', '2019-01-22 02:32:00'),
(127, 1, 'adms', 'cb4c4507fd624e5de09256a5ef2f539a5c4699c75cfe07.82563252', 'Mozilla/5.0 (X11; Linux x86_64) AppleWebKit/537.36 (KHTML, like Gecko) Chrome/71.0.3578.98 Safari/537.36', '127.0.0.1', '2019-01-22 04:19:00'),
(128, 1, 'adms', 'f75ffbaf6e8b3228d5ab19abd8810fac5c4a990e537a22.71011228', 'Mozilla/5.0 (X11; Linux x86_64) AppleWebKit/537.36 (KHTML, like Gecko) Chrome/71.0.3578.98 Safari/537.36', '127.0.0.1', '2019-01-25 05:05:00'),
(129, 1, 'adms', '1086a9519609507323f6225099f97f775c5502005fdc57.56370871', 'Mozilla/5.0 (X11; Linux x86_64) AppleWebKit/537.36 (KHTML, like Gecko) Chrome/71.0.3578.98 Safari/537.36', '127.0.0.1', '2019-02-02 02:35:00'),
(130, 1, 'adms', 'd288df0156d485d65dde10a032edf3e75c550a521b1ec6.79072556', 'Mozilla/5.0 (X11; Linux x86_64) AppleWebKit/537.36 (KHTML, like Gecko) Chrome/71.0.3578.98 Safari/537.36', '127.0.0.1', '2019-02-02 03:11:00'),
(131, 1, 'adms', '85472dbb8fd554690710ffaededb62115c5527586fc7d2.41021592', 'Mozilla/5.0 (X11; Linux x86_64) AppleWebKit/537.36 (KHTML, like Gecko) Chrome/71.0.3578.98 Safari/537.36', '127.0.0.1', '2019-02-02 05:15:00'),
(132, 1, 'adms', '8ad29009eeb1e4c9265ba30f4e160d055c55357f530390.48735155', 'Mozilla/5.0 (X11; Linux x86_64) AppleWebKit/537.36 (KHTML, like Gecko) Chrome/71.0.3578.98 Safari/537.36', '127.0.0.1', '2019-02-02 06:15:00'),
(133, 1, 'adms', '3463c9d56d9612fb15135fa01d9bac485c5535f3c17916.16238583', 'Mozilla/5.0 (X11; Linux x86_64) AppleWebKit/537.36 (KHTML, like Gecko) Chrome/71.0.3578.98 Safari/537.36', '127.0.0.1', '2019-02-02 06:17:00'),
(134, 1, 'dist', 'e990cb19dee844347cf8724fe0888b505c553bb1908d28.76055136', 'Mozilla/5.0 (X11; Linux x86_64) AppleWebKit/537.36 (KHTML, like Gecko) Chrome/71.0.3578.98 Safari/537.36', '127.0.0.1', '2019-02-02 06:41:00'),
(135, 1, 'dist', '45ef3537391a76264fc4a5ccc7cd064d5c553c40e06b75.94209212', 'Mozilla/5.0 (X11; Linux x86_64) AppleWebKit/537.36 (KHTML, like Gecko) Chrome/71.0.3578.98 Safari/537.36', '127.0.0.1', '2019-02-02 06:44:00'),
(136, 1, 'user', '61961d34a6e7a92011e3330cc15b45a55c553cba631827.99820145', 'Mozilla/5.0 (X11; Linux x86_64) AppleWebKit/537.36 (KHTML, like Gecko) Chrome/71.0.3578.98 Safari/537.36', '127.0.0.1', '2019-02-02 06:46:00'),
(137, 1, 'user', '2c8191d3356c60441e3f7398e64c14a85c553d9ab01585.66579490', 'Mozilla/5.0 (X11; Linux x86_64) AppleWebKit/537.36 (KHTML, like Gecko) Chrome/71.0.3578.98 Safari/537.36', '127.0.0.1', '2019-02-02 06:50:00'),
(138, 1, 'user', 'fb4db90b2c3584a4e163abd6fc8686065c56626e8b5bb3.05587080', 'Mozilla/5.0 (X11; Linux x86_64) AppleWebKit/537.36 (KHTML, like Gecko) Chrome/71.0.3578.98 Safari/537.36', '127.0.0.1', '2019-02-03 03:39:00'),
(139, 1, 'adms', '7d304e3487e26927d6c70a1549b11e7c5c56681351c2e6.62842389', 'Mozilla/5.0 (X11; Linux x86_64) AppleWebKit/537.36 (KHTML, like Gecko) Chrome/71.0.3578.98 Safari/537.36', '127.0.0.1', '2019-02-03 04:03:00'),
(140, 1, 'adms', 'bf11cfdfbfd5d9a6d6fe541015884e995c56a926289351.93534182', 'Mozilla/5.0 (X11; Linux x86_64) AppleWebKit/537.36 (KHTML, like Gecko) Chrome/71.0.3578.98 Safari/537.36', '127.0.0.1', '2019-02-03 08:41:00'),
(141, 1, 'user', '86ee34d0fc9e14a1478e1bfb0d4d6d805c56ba0c766302.19312730', 'Mozilla/5.0 (X11; Linux x86_64) AppleWebKit/537.36 (KHTML, like Gecko) Chrome/71.0.3578.98 Safari/537.36', '127.0.0.1', '2019-02-03 09:53:00'),
(142, 1, 'adms', 'b0d04260ff70ff416d797eb68fbdc0325c56d12065cc11.15535502', 'Mozilla/5.0 (X11; Linux x86_64) AppleWebKit/537.36 (KHTML, like Gecko) Chrome/71.0.3578.98 Safari/537.36', '127.0.0.1', '2019-02-03 11:31:00'),
(143, 1, 'user', '2b36767f9816b7f4d56585bba653fc155c56d3828f94b2.20413713', 'Mozilla/5.0 (X11; Linux x86_64) AppleWebKit/537.36 (KHTML, like Gecko) Chrome/71.0.3578.98 Safari/537.36', '127.0.0.1', '2019-02-03 11:41:00'),
(144, 1, 'adms', '9a36081744ac5d52c472e29847b29a8b5c56d3da3981a9.60231832', 'Mozilla/5.0 (X11; Linux x86_64) AppleWebKit/537.36 (KHTML, like Gecko) Chrome/71.0.3578.98 Safari/537.36', '127.0.0.1', '2019-02-03 11:43:00'),
(145, 1, 'user', '9c40f402d9f8a737b7933bcdb94b94145c5c919b046068.22239647', 'Mozilla/5.0 (X11; Linux x86_64) AppleWebKit/537.36 (KHTML, like Gecko) Chrome/71.0.3578.98 Safari/537.36', '127.0.0.1', '2019-02-07 20:14:00'),
(146, 1, 'adms', 'a8dd989410d34b0f632e4db810d671475c5c91f4c2b815.75280261', 'Mozilla/5.0 (X11; Linux x86_64) AppleWebKit/537.36 (KHTML, like Gecko) Chrome/71.0.3578.98 Safari/537.36', '127.0.0.1', '2019-02-07 20:15:00'),
(147, 1, 'user', 'c9e3ab6234a4890ab3a1a3c295c782f05c5c925d086cd8.05560673', 'Mozilla/5.0 (X11; Linux x86_64) AppleWebKit/537.36 (KHTML, like Gecko) Chrome/71.0.3578.98 Safari/537.36', '127.0.0.1', '2019-02-07 20:17:00'),
(148, 1, 'adms', 'c567621edaeb42ad69cc794c2b1f38c25c5c92c8de1201.40971602', 'Mozilla/5.0 (X11; Linux x86_64) AppleWebKit/537.36 (KHTML, like Gecko) Chrome/71.0.3578.98 Safari/537.36', '127.0.0.1', '2019-02-07 20:19:00'),
(149, 1, 'user', '91390cced1bf732ed430efde7517d2ab5c5f41fd09f643.56742344', 'Mozilla/5.0 (X11; Linux x86_64) AppleWebKit/537.36 (KHTML, like Gecko) Chrome/71.0.3578.98 Safari/537.36', '127.0.0.1', '2019-02-09 21:11:00'),
(150, 1, 'adms', 'd98aa72ff33e6adab2ff2a51d96593dc5c5f42821b73b2.84786368', 'Mozilla/5.0 (X11; Linux x86_64) AppleWebKit/537.36 (KHTML, like Gecko) Chrome/71.0.3578.98 Safari/537.36', '127.0.0.1', '2019-02-09 21:13:00'),
(151, 1, 'user', '26a59b8a05c58f57d46a8b872be9a9205c5f47ad319693.62136782', 'Mozilla/5.0 (X11; Linux x86_64) AppleWebKit/537.36 (KHTML, like Gecko) Chrome/71.0.3578.98 Safari/537.36', '127.0.0.1', '2019-02-09 21:35:00'),
(152, 1, 'adms', 'c4e0d54aca62d8feb3e5e4ae042ba4055c5f491dd91b57.57456718', 'Mozilla/5.0 (X11; Ubuntu; Linux x86_64; rv:64.0) Gecko/20100101 Firefox/64.0', '127.0.0.1', '2019-02-09 21:41:00'),
(153, 8, 'user', 'de61e1b5a63c434c032b46820f00d9385c5f4bb9c67311.06759037', 'Mozilla/5.0 (X11; Linux x86_64) AppleWebKit/537.36 (KHTML, like Gecko) Chrome/71.0.3578.98 Safari/537.36', '127.0.0.1', '2019-02-09 21:52:00'),
(154, 1, 'user', 'd3596caab1faa48f9632bd85ec6604ba5c5f4f89aaea90.80539603', 'Mozilla/5.0 (X11; Linux x86_64) AppleWebKit/537.36 (KHTML, like Gecko) Chrome/71.0.3578.98 Safari/537.36', '127.0.0.1', '2019-02-09 22:09:00'),
(155, 1, 'adms', '348676f501c368fbe06d12f72626c0765c5f51d5eb1ab9.85252741', 'Mozilla/5.0 (X11; Ubuntu; Linux x86_64; rv:64.0) Gecko/20100101 Firefox/64.0', '127.0.0.1', '2019-02-09 22:19:00'),
(156, 1, 'user', '3a997c1ba2db8cf37c00afbe2b35f6d75c672257072da3.42208094', 'Mozilla/5.0 (X11; Linux x86_64) AppleWebKit/537.36 (KHTML, like Gecko) Chrome/71.0.3578.98 Safari/537.36', '127.0.0.1', '2019-02-15 20:34:00'),
(157, 1, 'adms', 'd5e8c740ac81331b450c4b4fb82d19ea5c6790e36153b4.02631501', 'Mozilla/5.0 (X11; Linux x86_64) AppleWebKit/537.36 (KHTML, like Gecko) Chrome/71.0.3578.98 Safari/537.36', '127.0.0.1', '2019-02-16 04:26:00'),
(158, 1, 'adms', '419fd672b0040e9b7b88bbce21993a0d5c68daa3641f31.63600125', 'Mozilla/5.0 (X11; Linux x86_64) AppleWebKit/537.36 (KHTML, like Gecko) Chrome/71.0.3578.98 Safari/537.36', '127.0.0.1', '2019-02-17 03:53:00'),
(159, 1, 'adms', '6d989b8eeb4f1e7a36500c53e9dac5435c6c70e3d09d82.16014854', 'Mozilla/5.0 (X11; Linux x86_64) AppleWebKit/537.36 (KHTML, like Gecko) Chrome/71.0.3578.98 Safari/537.36', '127.0.0.1', '2019-02-19 21:10:00'),
(160, 1, 'adms', 'd052f74eb0f95e414a05d4dc63099ce85c6c7eb2868449.67969674', 'Mozilla/5.0 (X11; Linux x86_64) AppleWebKit/537.36 (KHTML, like Gecko) Chrome/71.0.3578.98 Safari/537.36', '127.0.0.1', '2019-02-19 22:09:00'),
(161, 1, 'user', '632add071d8d6e0607f0a129b5d411815c6c7fab76d1c9.37452431', 'Mozilla/5.0 (X11; Linux x86_64) AppleWebKit/537.36 (KHTML, like Gecko) Chrome/71.0.3578.98 Safari/537.36', '127.0.0.1', '2019-02-19 22:14:00'),
(162, 1, 'adms', '4593d2960ba49a3980a4485a4dc2eb495c6c874fcabab0.22647264', 'Mozilla/5.0 (X11; Linux x86_64) AppleWebKit/537.36 (KHTML, like Gecko) Chrome/71.0.3578.98 Safari/537.36', '127.0.0.1', '2019-02-19 22:46:00'),
(163, 1, 'adms', '25e5852a1ffcd22056db29541b9899c75c709c0baf2016.42018719', 'Mozilla/5.0 (X11; Linux x86_64) AppleWebKit/537.36 (KHTML, like Gecko) Chrome/71.0.3578.98 Safari/537.36', '127.0.0.1', '2019-02-23 01:04:00'),
(164, 1, 'user', 'f934fb6bf99bc58732096be49c657d195c709cd6540438.17905986', 'Mozilla/5.0 (X11; Linux x86_64) AppleWebKit/537.36 (KHTML, like Gecko) Chrome/71.0.3578.98 Safari/537.36', '127.0.0.1', '2019-02-23 01:07:00'),
(165, 1, 'user', 'b3803d34d5ddefb089538f67b1c0b6295c70b13e44c2d7.76816098', 'Mozilla/5.0 (X11; Linux x86_64) AppleWebKit/537.36 (KHTML, like Gecko) Chrome/71.0.3578.98 Safari/537.36', '127.0.0.1', '2019-02-23 02:34:00'),
(166, 1, 'user', '4cb28985cd698b35b5579a02b57ff8775c70bcfdb0ca95.03794627', 'Mozilla/5.0 (X11; Linux x86_64) AppleWebKit/537.36 (KHTML, like Gecko) Chrome/71.0.3578.98 Safari/537.36', '127.0.0.1', '2019-02-23 03:24:00'),
(167, 1, 'adms', '5df10caee97768dbeaa1948687b22a175c70bdac60df82.08205312', 'Mozilla/5.0 (X11; Linux x86_64) AppleWebKit/537.36 (KHTML, like Gecko) Chrome/71.0.3578.98 Safari/537.36', '127.0.0.1', '2019-02-23 03:27:00'),
(168, 1, 'user', '69a56eda1220f537441357b6a2a2314d5c70ce216dabc0.81650855', 'Mozilla/5.0 (X11; Linux x86_64) AppleWebKit/537.36 (KHTML, like Gecko) Chrome/71.0.3578.98 Safari/537.36', '127.0.0.1', '2019-02-23 04:37:00'),
(169, 1, 'user', '3a6846f107177cc457f1d2b63f53fd795c70d05bf14111.45898908', 'Mozilla/5.0 (X11; Linux x86_64) AppleWebKit/537.36 (KHTML, like Gecko) Chrome/71.0.3578.98 Safari/537.36', '127.0.0.1', '2019-02-23 04:47:00'),
(170, 1, 'adms', 'a38848189b1ba96d96430c418e4aae015c70d436e1a1d5.01810803', 'Mozilla/5.0 (X11; Linux x86_64) AppleWebKit/537.36 (KHTML, like Gecko) Chrome/71.0.3578.98 Safari/537.36', '127.0.0.1', '2019-02-23 05:03:00'),
(171, 1, 'user', 'e137f22b907020ab3c19107ae9ec4b3f5c70e57093e226.53302529', 'Mozilla/5.0 (X11; Linux x86_64) AppleWebKit/537.36 (KHTML, like Gecko) Chrome/71.0.3578.98 Safari/537.36', '127.0.0.1', '2019-02-23 06:17:00'),
(172, 1, 'user', 'a7baaf4c347368fba08dc7246822c48f5c721bc4c50d04.17067592', 'Mozilla/5.0 (X11; Linux x86_64) AppleWebKit/537.36 (KHTML, like Gecko) Chrome/71.0.3578.98 Safari/537.36', '127.0.0.1', '2019-02-24 04:21:00'),
(173, 1, 'user', '72fc5a439f96ce4088439db3cee392ec5c722dd3056d18.97206513', 'Mozilla/5.0 (X11; Linux x86_64) AppleWebKit/537.36 (KHTML, like Gecko) Chrome/71.0.3578.98 Safari/537.36', '127.0.0.1', '2019-02-24 05:38:00'),
(174, 1, 'adms', '081da2125b7f042c783709d8f34ed1a45c72324d71c2b3.66997533', 'Mozilla/5.0 (X11; Linux x86_64) AppleWebKit/537.36 (KHTML, like Gecko) Chrome/71.0.3578.98 Safari/537.36', '127.0.0.1', '2019-02-24 05:57:00'),
(175, 1, 'user', 'ff9b895a89501ffd4b156079c6633f265c7232fe92f7b6.88358843', 'Mozilla/5.0 (X11; Linux x86_64) AppleWebKit/537.36 (KHTML, like Gecko) Chrome/71.0.3578.98 Safari/537.36', '127.0.0.1', '2019-02-24 06:00:00'),
(176, 1, 'user', 'd38bb0cbf6224ba3682194ec287924d85c7354733405a7.46280725', 'Mozilla/5.0 (X11; Linux x86_64) AppleWebKit/537.36 (KHTML, like Gecko) Chrome/71.0.3578.98 Safari/537.36', '127.0.0.1', '2019-02-25 02:35:00'),
(177, 1, 'user', '88853b0ce3950a8cf18272a6677170f85c735474156298.03527546', 'Mozilla/5.0 (X11; Linux x86_64) AppleWebKit/537.36 (KHTML, like Gecko) Chrome/71.0.3578.98 Safari/537.36', '127.0.0.1', '2019-02-25 02:35:00'),
(178, 1, 'adms', '825c3ed807b6ad0ff7136486623f03a85c735bb6bb38d0.48780316', 'Mozilla/5.0 (X11; Linux x86_64) AppleWebKit/537.36 (KHTML, like Gecko) Chrome/71.0.3578.98 Safari/537.36', '127.0.0.1', '2019-02-25 03:06:00'),
(179, 1, 'adms', 'b35cadcb84e2fb41cbad80e22accf3925c7378b0d56679.75378929', 'Mozilla/5.0 (X11; Linux x86_64) AppleWebKit/537.36 (KHTML, like Gecko) Chrome/71.0.3578.98 Safari/537.36', '127.0.0.1', '2019-02-25 05:10:00'),
(180, 1, 'adms', 'f522c445fcf5fd473aaa19b2d68eaf455c73837bc098b2.46991206', 'Mozilla/5.0 (X11; Linux x86_64) AppleWebKit/537.36 (KHTML, like Gecko) Chrome/71.0.3578.98 Safari/537.36', '127.0.0.1', '2019-02-25 05:56:00'),
(181, 1, 'user', '2438301be8a50046955199fba5f135655c7394a9be6bd9.61059828', 'Mozilla/5.0 (X11; Linux x86_64) AppleWebKit/537.36 (KHTML, like Gecko) Chrome/71.0.3578.98 Safari/537.36', '127.0.0.1', '2019-02-25 07:09:00'),
(182, 1, 'adms', 'b6d9cad93efec369139ce98e9456e8385c7397abc68ce8.64858877', 'Mozilla/5.0 (X11; Linux x86_64) AppleWebKit/537.36 (KHTML, like Gecko) Chrome/71.0.3578.98 Safari/537.36', '127.0.0.1', '2019-02-25 07:22:00'),
(183, 1, 'user', '9d67fdc6042f77f0f9c8ab599680b48f5c73982caf0b82.54032796', 'Mozilla/5.0 (X11; Linux x86_64) AppleWebKit/537.36 (KHTML, like Gecko) Chrome/71.0.3578.98 Safari/537.36', '127.0.0.1', '2019-02-25 07:24:00'),
(184, 1, 'adms', 'f766af2447e98d046f339eb5a62a25e95c73996fa97f84.88037987', 'Mozilla/5.0 (X11; Linux x86_64) AppleWebKit/537.36 (KHTML, like Gecko) Chrome/71.0.3578.98 Safari/537.36', '127.0.0.1', '2019-02-25 07:29:00'),
(185, 1, 'user', '42dac13ebd947ccb63d3e9de35fb27905c7399954b21c5.79359467', 'Mozilla/5.0 (X11; Linux x86_64) AppleWebKit/537.36 (KHTML, like Gecko) Chrome/71.0.3578.98 Safari/537.36', '127.0.0.1', '2019-02-25 07:30:00'),
(186, 1, 'adms', '8c60ac10d63fb722ad70662af6d6e3db5c7399e507b716.14357115', 'Mozilla/5.0 (X11; Linux x86_64) AppleWebKit/537.36 (KHTML, like Gecko) Chrome/71.0.3578.98 Safari/537.36', '127.0.0.1', '2019-02-25 07:31:00'),
(187, 1, 'user', 'eccd3cd212cc0a9c1cb01e3e0f6e0e715c739a08709a70.78663723', 'Mozilla/5.0 (X11; Linux x86_64) AppleWebKit/537.36 (KHTML, like Gecko) Chrome/71.0.3578.98 Safari/537.36', '127.0.0.1', '2019-02-25 07:32:00'),
(188, 1, 'user', '4367ea6cc43df37c5999a60c8702ff2b5c74c97c097c81.33735716', 'Mozilla/5.0 (X11; Linux x86_64) AppleWebKit/537.36 (KHTML, like Gecko) Chrome/71.0.3578.98 Safari/537.36', '127.0.0.1', '2019-02-26 05:07:00'),
(189, 1, 'adms', '4fc716eceacdcc0a508c928ae9048afc5c759e9d08feb4.65619628', 'Mozilla/5.0 (X11; Linux x86_64) AppleWebKit/537.36 (KHTML, like Gecko) Chrome/71.0.3578.98 Safari/537.36', '127.0.0.1', '2019-02-26 20:16:00'),
(190, 1, 'user', 'a4c68623624a941581b7bcd6c85738425c75a395de5657.35003252', 'Mozilla/5.0 (X11; Linux x86_64) AppleWebKit/537.36 (KHTML, like Gecko) Chrome/71.0.3578.98 Safari/537.36', '127.0.0.1', '2019-02-26 20:37:00'),
(191, 1, 'adms', '71efb5f337558162ea71a48a49bdc1095c75bea38077a2.06060311', 'Mozilla/5.0 (X11; Linux x86_64) AppleWebKit/537.36 (KHTML, like Gecko) Chrome/71.0.3578.98 Safari/537.36', '127.0.0.1', '2019-02-26 22:33:00'),
(192, 1, 'user', '6b0790d814166d6b5e47bf5371199bc55c75ee0dea9439.39959117', 'Mozilla/5.0 (X11; Linux x86_64) AppleWebKit/537.36 (KHTML, like Gecko) Chrome/71.0.3578.98 Safari/537.36', '127.0.0.1', '2019-02-27 01:55:00'),
(193, 1, 'user', '47575e6703c83f6cb73a169ba2732a155c770dcd16ac63.47782523', 'Mozilla/5.0 (X11; Linux x86_64) AppleWebKit/537.36 (KHTML, like Gecko) Chrome/71.0.3578.98 Safari/537.36', '127.0.0.1', '2019-02-27 22:23:00'),
(194, 1, 'user', 'cbd3c155f41ce72af671eae5770e501c5c7760141a8926.36633868', 'Mozilla/5.0 (X11; Linux x86_64) AppleWebKit/537.36 (KHTML, like Gecko) Chrome/71.0.3578.98 Safari/537.36', '127.0.0.1', '2019-02-28 04:14:00'),
(195, 1, 'adms', '434ea00585637ca282c74420fb95d9e15c776156e77115.73432841', 'Mozilla/5.0 (X11; Linux x86_64) AppleWebKit/537.36 (KHTML, like Gecko) Chrome/71.0.3578.98 Safari/537.36', '127.0.0.1', '2019-02-28 04:19:00'),
(196, 1, 'adms', 'a85c84797e56e35629c929e4d242b66f5c776337dd9e92.76168597', 'Mozilla/5.0 (X11; Linux x86_64) AppleWebKit/537.36 (KHTML, like Gecko) Chrome/71.0.3578.98 Safari/537.36', '127.0.0.1', '2019-02-28 04:27:00'),
(197, 14, 'user', 'c516d06369ba5ff64fe4ab2e317055f55c7765c78971d2.05617536', 'Mozilla/5.0 (X11; Linux x86_64) AppleWebKit/537.36 (KHTML, like Gecko) Chrome/71.0.3578.98 Safari/537.36', '192.168.0.10', '2019-02-28 04:38:00'),
(198, 14, 'user', '5b35e4359e87e7b769436194ffa389c85c7765cd165dc7.02079979', 'Mozilla/5.0 (X11; Linux x86_64) AppleWebKit/537.36 (KHTML, like Gecko) Chrome/71.0.3578.98 Safari/537.36', '192.168.0.10', '2019-02-28 04:38:00'),
(199, 14, 'user', '37e94ee010ac0e4ed875c6eb55ce4cf25c776600a83be1.83758701', 'Mozilla/5.0 (X11; Linux x86_64) AppleWebKit/537.36 (KHTML, like Gecko) Chrome/71.0.3578.98 Safari/537.36', '192.168.0.10', '2019-02-28 04:39:00'),
(200, 14, 'user', 'f92ff42cf43c0cf60255ad29654ece7d5c7767608c87d4.51255720', 'Mozilla/5.0 (X11; Linux x86_64) AppleWebKit/537.36 (KHTML, like Gecko) Chrome/71.0.3578.98 Safari/537.36', '192.168.0.10', '2019-02-28 04:45:00'),
(201, 14, 'user', '9dc50ae5490818ee4b295019ece535d95c7767615200e9.03389330', 'Mozilla/5.0 (X11; Linux x86_64) AppleWebKit/537.36 (KHTML, like Gecko) Chrome/71.0.3578.98 Safari/537.36', '192.168.0.10', '2019-02-28 04:45:00'),
(202, 14, 'user', '13da18e53df9588346ecfd7e9cbcbe2d5c7767ce1cb755.14508216', 'Mozilla/5.0 (X11; Linux x86_64) AppleWebKit/537.36 (KHTML, like Gecko) Chrome/71.0.3578.98 Safari/537.36', '192.168.0.10', '2019-02-28 04:47:00'),
(203, 14, 'user', '622a28add14cdf6ee1b030a863e58f1e5c7767d0154d72.73929440', 'Mozilla/5.0 (X11; Linux x86_64) AppleWebKit/537.36 (KHTML, like Gecko) Chrome/71.0.3578.98 Safari/537.36', '192.168.0.10', '2019-02-28 04:47:00'),
(204, 14, 'user', 'dbcab8ccc17ee756479eb04234937c355c776d8fa01527.42898814', 'Mozilla/5.0 (X11; Linux x86_64) AppleWebKit/537.36 (KHTML, like Gecko) Chrome/71.0.3578.98 Safari/537.36', '192.168.0.10', '2019-02-28 05:11:00'),
(205, 14, 'user', 'd9bbb05d0095f9cd910cd21c93d8a56d5c776d90d3cb00.10557856', 'Mozilla/5.0 (X11; Linux x86_64) AppleWebKit/537.36 (KHTML, like Gecko) Chrome/71.0.3578.98 Safari/537.36', '192.168.0.10', '2019-02-28 05:11:00'),
(206, 14, 'user', 'ff090d22c76d43c9b495c4b28ab86a325c77879dc81536.58583084', 'Mozilla/5.0 (Linux; Android 4.4.2; P6-U06 Build/HuaweiP6-U06) AppleWebKit/537.36 (KHTML, like Gecko) Version/4.0 Chrome/', '192.168.0.101', '2019-02-28 07:02:00'),
(207, 14, 'user', '6a603c33319c1efe5c1910951e4ef0ea5c7787bd848370.01731406', 'Mozilla/5.0 (Linux; Android 4.4.2; P6-U06 Build/HuaweiP6-U06) AppleWebKit/537.36 (KHTML, like Gecko) Version/4.0 Chrome/', '192.168.0.101', '2019-02-28 07:03:00'),
(208, 14, 'user', '1712ad062326fd03a51002eb22ebbfaf5c7787d201aa53.86901669', 'Mozilla/5.0 (Linux; Android 4.4.2; P6-U06 Build/HuaweiP6-U06) AppleWebKit/537.36 (KHTML, like Gecko) Version/4.0 Chrome/', '192.168.0.101', '2019-02-28 07:03:00'),
(209, 14, 'user', '54a976498f36beb118f1fb43634a020c5c7787de7d6d59.02429477', 'Mozilla/5.0 (Linux; Android 4.4.2; P6-U06 Build/HuaweiP6-U06) AppleWebKit/537.36 (KHTML, like Gecko) Version/4.0 Chrome/', '192.168.0.101', '2019-02-28 07:03:00'),
(210, 14, 'user', '0e06258a4fddd058c5b15191f3776f7d5c7787f93faef4.13394408', 'Mozilla/5.0 (X11; Linux x86_64) AppleWebKit/537.36 (KHTML, like Gecko) Chrome/71.0.3578.98 Safari/537.36', '192.168.0.10', '2019-02-28 07:04:00'),
(211, 14, 'user', 'b6523ca466d80f059d663678696169da5c7787fa595be0.02694467', 'Mozilla/5.0 (X11; Linux x86_64) AppleWebKit/537.36 (KHTML, like Gecko) Chrome/71.0.3578.98 Safari/537.36', '192.168.0.10', '2019-02-28 07:04:00'),
(212, 14, 'user', '818ab82cd4119845fbc4edbd264aab7d5c778810b8fca7.48664407', 'Mozilla/5.0 (Linux; Android 4.4.2; P6-U06 Build/HuaweiP6-U06) AppleWebKit/537.36 (KHTML, like Gecko) Version/4.0 Chrome/', '192.168.0.101', '2019-02-28 07:04:00'),
(213, 14, 'user', '49a686fe9af9e15c389d8ba33ff5cd955c778840a0a0b9.34809776', 'Mozilla/5.0 (Linux; Android 4.4.2; P6-U06 Build/HuaweiP6-U06) AppleWebKit/537.36 (KHTML, like Gecko) Version/4.0 Chrome/', '192.168.0.101', '2019-02-28 07:05:00'),
(214, 14, 'user', '7175c2b5c47a0fdcab03769b6716d5155c7788b7451c44.76148183', 'Mozilla/5.0 (Linux; Android 4.4.2; P6-U06 Build/HuaweiP6-U06) AppleWebKit/537.36 (KHTML, like Gecko) Version/4.0 Chrome/', '192.168.0.101', '2019-02-28 07:07:00'),
(215, 14, 'user', '842fa72633df26936705fb8961d37bb55c7788e12b6bf8.59380177', 'Mozilla/5.0 (Linux; Android 4.4.2; P6-U06 Build/HuaweiP6-U06) AppleWebKit/537.36 (KHTML, like Gecko) Version/4.0 Chrome/', '192.168.0.101', '2019-02-28 07:08:00'),
(216, 14, 'user', 'f60204904a83a65345df11db82659c835c7788e4c93de9.80593461', 'Mozilla/5.0 (Linux; Android 4.4.2; P6-U06 Build/HuaweiP6-U06) AppleWebKit/537.36 (KHTML, like Gecko) Version/4.0 Chrome/', '192.168.0.101', '2019-02-28 07:08:00'),
(217, 1, 'user', '17f4f749e599f14d8cb9a14ccab177995c778913c77b21.63088530', 'Mozilla/5.0 (X11; Linux x86_64) AppleWebKit/537.36 (KHTML, like Gecko) Chrome/71.0.3578.98 Safari/537.36', '192.168.0.10', '2019-02-28 07:09:00'),
(218, 14, 'user', 'dc8ef4e6a25edd83992a513edadad2df5c7789415b67f7.70578779', 'Mozilla/5.0 (Linux; Android 4.4.2; P6-U06 Build/HuaweiP6-U06) AppleWebKit/537.36 (KHTML, like Gecko) Version/4.0 Chrome/', '192.168.0.101', '2019-02-28 07:09:00'),
(219, 14, 'user', 'e11b2fbc5a51694364b04dbd8a3384d25c778992346042.21852873', 'Mozilla/5.0 (Linux; Android 4.4.2; P6-U06 Build/HuaweiP6-U06) AppleWebKit/537.36 (KHTML, like Gecko) Version/4.0 Chrome/', '192.168.0.101', '2019-02-28 07:11:00'),
(220, 1, 'user', 'fbe54444709a7090f4b9a3bd5e0fc5645c7789bf11fdb0.61978231', 'Mozilla/5.0 (Linux; Android 4.4.2; P6-U06 Build/HuaweiP6-U06) AppleWebKit/537.36 (KHTML, like Gecko) Version/4.0 Chrome/', '192.168.0.101', '2019-02-28 07:11:00'),
(221, 14, 'user', '3e74fc52005bd3e1b790f3658745484e5c778a56634e45.38149806', 'Mozilla/5.0 (Linux; Android 4.4.2; P6-U06 Build/HuaweiP6-U06) AppleWebKit/537.36 (KHTML, like Gecko) Version/4.0 Chrome/', '192.168.0.101', '2019-02-28 07:14:00'),
(222, 14, 'user', '05d26f5131c94eab671d1fccc9f19cf45c778a6d019b42.69454175', 'Mozilla/5.0 (Linux; Android 4.4.2; P6-U06 Build/HuaweiP6-U06) AppleWebKit/537.36 (KHTML, like Gecko) Version/4.0 Chrome/', '192.168.0.101', '2019-02-28 07:14:00'),
(223, 14, 'user', '44bf3a38457aa5881237141b776f1bf85c778bf0bcd715.27748463', 'Mozilla/5.0 (X11; Linux x86_64) AppleWebKit/537.36 (KHTML, like Gecko) Chrome/71.0.3578.98 Safari/537.36', '192.168.0.10', '2019-02-28 07:21:00'),
(224, 14, 'user', '25360c5b38a27294e9d23272c6c701795c778bf1e96158.37176174', 'Mozilla/5.0 (X11; Linux x86_64) AppleWebKit/537.36 (KHTML, like Gecko) Chrome/71.0.3578.98 Safari/537.36', '192.168.0.10', '2019-02-28 07:21:00'),
(225, 14, 'user', '0ffbb19a25e170391b5ae1a1f91392315c778d09866570.21376669', 'Mozilla/5.0 (iPad; CPU OS 10_3_3 like Mac OS X) AppleWebKit/603.3.8 (KHTML, like Gecko) Version/10.0 Mobile/14G60 Safari', '192.168.0.100', '2019-02-28 07:26:00'),
(226, 14, 'user', 'cecd304c90589e9e884ebe6e492424ec5c778d577efd31.79203437', 'Mozilla/5.0 (X11; Ubuntu; Linux x86_64; rv:64.0) Gecko/20100101 Firefox/64.0', '192.168.0.10', '2019-02-28 07:27:00');
INSERT INTO `tbla_sson` (`id`, `sson_usid`, `sson_tipo`, `sson_tokn`, `sson_agnt`, `sson_dcip`, `sson_fchi`) VALUES
(227, 14, 'user', '657f9f1c4fc9cdf297d8d75c4b08fdab5c778e1bb77055.14892568', 'Mozilla/5.0 (iPad; CPU OS 10_3_3 like Mac OS X) AppleWebKit/603.3.8 (KHTML, like Gecko) Version/10.0 Mobile/14G60 Safari', '192.168.0.100', '2019-02-28 07:30:00'),
(228, 14, 'user', 'ba6a322e5733ebf50acb32be473a2de05c778e2c84a181.17251141', 'Mozilla/5.0 (iPad; CPU OS 10_3_3 like Mac OS X) AppleWebKit/603.3.8 (KHTML, like Gecko) Version/10.0 Mobile/14G60 Safari', '192.168.0.100', '2019-02-28 07:30:00'),
(229, 14, 'user', '40e6b8c175810c629cfc9f418e948b495c778f094e02a0.36063125', 'Mozilla/5.0 (X11; Linux x86_64) AppleWebKit/537.36 (KHTML, like Gecko) Chrome/71.0.3578.98 Safari/537.36', '192.168.0.10', '2019-02-28 07:34:00'),
(230, 14, 'user', '1653606cd3ce49fc17f9183d57fa7b7a5c778f0aaed700.61679816', 'Mozilla/5.0 (X11; Linux x86_64) AppleWebKit/537.36 (KHTML, like Gecko) Chrome/71.0.3578.98 Safari/537.36', '192.168.0.10', '2019-02-28 07:34:00'),
(231, 14, 'user', 'c66661e35edacc63c8f2ea608921b2ac5c778f9d19d327.14906132', 'Mozilla/5.0 (Linux; Android 4.4.2; P6-U06 Build/HuaweiP6-U06) AppleWebKit/537.36 (KHTML, like Gecko) Version/4.0 Chrome/', '192.168.0.101', '2019-02-28 07:37:00'),
(232, 14, 'user', 'd94276a0a34d2ff4452574b8754206ac5c778fadcd9985.56011150', 'Mozilla/5.0 (Linux; Android 4.4.2; P6-U06 Build/HuaweiP6-U06) AppleWebKit/537.36 (KHTML, like Gecko) Version/4.0 Chrome/', '192.168.0.101', '2019-02-28 07:37:00'),
(233, 14, 'user', '09e97ee1c68a3f9ccbeb302fb3277ae65c778fecd385e0.05186265', 'Mozilla/5.0 (iPad; CPU OS 10_3_3 like Mac OS X) AppleWebKit/603.3.8 (KHTML, like Gecko) Version/10.0 Mobile/14G60 Safari', '192.168.0.100', '2019-02-28 07:38:00'),
(234, 14, 'user', '4ed84ec8f33065a7e4e4e7a9a20fa3465c779019977d68.09728830', 'Mozilla/5.0 (iPad; CPU OS 10_3_3 like Mac OS X) AppleWebKit/603.3.8 (KHTML, like Gecko) Version/10.0 Mobile/14G60 Safari', '192.168.0.100', '2019-02-28 07:39:00'),
(235, 14, 'user', '284ca378ff1e14eea93e37dddcad11405c7797fb36d049.41796995', 'Mozilla/5.0 (Linux; Android 4.4.2; P6-U06 Build/HuaweiP6-U06) AppleWebKit/537.36 (KHTML, like Gecko) Version/4.0 Chrome/', '192.168.0.101', '2019-02-28 08:12:00'),
(236, 14, 'user', '8d12ce30c11fffa1ab188c0b853b55955c779809d07d43.23007022', 'Mozilla/5.0 (Linux; Android 4.4.2; P6-U06 Build/HuaweiP6-U06) AppleWebKit/537.36 (KHTML, like Gecko) Version/4.0 Chrome/', '192.168.0.101', '2019-02-28 08:12:00'),
(237, 14, 'user', '19b525921c69b9344b14fe82291f8d615c77982f41fb27.28362797', 'Mozilla/5.0 (Linux; Android 4.4.2; P6-U06 Build/HuaweiP6-U06) AppleWebKit/537.36 (KHTML, like Gecko) Version/4.0 Chrome/', '192.168.0.101', '2019-02-28 08:13:00'),
(238, 14, 'user', '08e794647124541d3f10de5387616a7b5c779867d91f34.21922761', 'Mozilla/5.0 (Linux; Android 4.4.2; P6-U06 Build/HuaweiP6-U06) AppleWebKit/537.36 (KHTML, like Gecko) Version/4.0 Chrome/', '192.168.0.101', '2019-02-28 08:14:00'),
(239, 14, 'user', 'cd260ae89ebc19ffff6276f04034796f5c7798b62a4851.32910822', 'Mozilla/5.0 (Linux; Android 4.4.2; P6-U06 Build/HuaweiP6-U06) AppleWebKit/537.36 (KHTML, like Gecko) Version/4.0 Chrome/', '192.168.0.101', '2019-02-28 08:15:00'),
(240, 14, 'user', '47e87ea2477ba322f6a6301cba12c9c25c779910ee8a22.62986751', 'Mozilla/5.0 (Linux; Android 4.4.2; P6-U06 Build/HuaweiP6-U06) AppleWebKit/537.36 (KHTML, like Gecko) Version/4.0 Chrome/', '192.168.0.101', '2019-02-28 08:17:00'),
(241, 14, 'user', 'ed76f3adad41f4f95d181e92b87c21475c779a02e34571.41761539', 'Mozilla/5.0 (Linux; Android 4.4.2; P6-U06 Build/HuaweiP6-U06) AppleWebKit/537.36 (KHTML, like Gecko) Version/4.0 Chrome/', '192.168.0.101', '2019-02-28 08:21:00'),
(242, 14, 'user', 'ef70c1788dd2c787fbb8b032788a7d505c779a283a4854.50000425', 'Mozilla/5.0 (Linux; Android 4.4.2; P6-U06 Build/HuaweiP6-U06) AppleWebKit/537.36 (KHTML, like Gecko) Version/4.0 Chrome/', '192.168.0.101', '2019-02-28 08:22:00'),
(243, 14, 'user', '56c7e05d3b1628e5072f6224b6268a525c779a76c5feb6.37159272', 'Mozilla/5.0 (X11; Linux x86_64) AppleWebKit/537.36 (KHTML, like Gecko) Chrome/71.0.3578.98 Safari/537.36', '192.168.0.10', '2019-02-28 08:23:00'),
(244, 14, 'user', 'e88c185a7181ee1e96e0684ca4aedcd65c779a77ba3e42.89749914', 'Mozilla/5.0 (X11; Linux x86_64) AppleWebKit/537.36 (KHTML, like Gecko) Chrome/71.0.3578.98 Safari/537.36', '192.168.0.10', '2019-02-28 08:23:00'),
(245, 14, 'user', 'fa36366431dfdbd4e58e1cbc9b5846a05c779ab8d77a61.72353761', 'Mozilla/5.0 (Linux; Android 4.4.2; P6-U06 Build/HuaweiP6-U06) AppleWebKit/537.36 (KHTML, like Gecko) Version/4.0 Chrome/', '192.168.0.101', '2019-02-28 08:24:00'),
(246, 14, 'user', 'cfd9bc76700704a3a28815b4babc10345c779b65ae7f12.51751538', 'Mozilla/5.0 (Linux; Android 4.4.2; P6-U06 Build/HuaweiP6-U06) AppleWebKit/537.36 (KHTML, like Gecko) Version/4.0 Chrome/', '192.168.0.101', '2019-02-28 08:27:00'),
(247, 1, 'user', '130bd9fad29c655338deae6ad4309bbf5c78a5fd11ab47.11676729', 'Mozilla/5.0 (X11; Linux x86_64) AppleWebKit/537.36 (KHTML, like Gecko) Chrome/71.0.3578.98 Safari/537.36', '127.0.0.1', '2019-03-01 03:24:00'),
(248, 1, 'user', 'fd110e90d03e6aba400f4b5a6f08ba895c7c6e238bba48.73517816', 'Mozilla/5.0 (X11; Linux x86_64) AppleWebKit/537.36 (KHTML, like Gecko) Chrome/71.0.3578.98 Safari/537.36', '127.0.0.1', '2019-03-04 00:15:00'),
(249, 1, 'user', 'a7b1872cf4b7373aa867dff888f9bc925c7c77e32b0a05.62574803', 'Mozilla/5.0 (X11; Linux x86_64) AppleWebKit/537.36 (KHTML, like Gecko) Chrome/71.0.3578.98 Safari/537.36', '127.0.0.1', '2019-03-04 00:57:00'),
(250, 1, 'adms', 'c6b71ce6cbc0aad41fdc94196de30a3c5c7c90ef24c086.87745069', 'Mozilla/5.0 (X11; Linux x86_64) AppleWebKit/537.36 (KHTML, like Gecko) Chrome/71.0.3578.98 Safari/537.36', '127.0.0.1', '2019-03-04 02:43:00'),
(251, 1, 'user', '383047d5ebc8fcc20c4c4de4498f18c15c7c9192c6e428.06582221', 'Mozilla/5.0 (X11; Linux x86_64) AppleWebKit/537.36 (KHTML, like Gecko) Chrome/71.0.3578.98 Safari/537.36', '127.0.0.1', '2019-03-04 02:46:00'),
(252, 1, 'adms', '5fb9ebf6c33fa9b619e5b7293e3116025c7c923cb7e2d4.66267758', 'Mozilla/5.0 (X11; Linux x86_64) AppleWebKit/537.36 (KHTML, like Gecko) Chrome/71.0.3578.98 Safari/537.36', '127.0.0.1', '2019-03-04 02:49:00'),
(253, 1, 'user', '1b15b9f7eb53f77d8913ce991a1897965c7c92f09a3239.40390407', 'Mozilla/5.0 (X11; Linux x86_64) AppleWebKit/537.36 (KHTML, like Gecko) Chrome/71.0.3578.98 Safari/537.36', '127.0.0.1', '2019-03-04 02:52:00'),
(254, 1, 'adms', 'b769aa8170f4d8bbbab28ee547a4255b5c7c9327b3c153.53697403', 'Mozilla/5.0 (X11; Linux x86_64) AppleWebKit/537.36 (KHTML, like Gecko) Chrome/71.0.3578.98 Safari/537.36', '127.0.0.1', '2019-03-04 02:53:00'),
(255, 1, 'user', 'cefcbce731bfba6208afe50c43c86e045c7c94ce73dd84.65656119', 'Mozilla/5.0 (X11; Linux x86_64) AppleWebKit/537.36 (KHTML, like Gecko) Chrome/71.0.3578.98 Safari/537.36', '127.0.0.1', '2019-03-04 03:00:00'),
(256, 1, 'adms', 'e011d59274870d6604573423014113b95c7c951a389605.50891242', 'Mozilla/5.0 (X11; Linux x86_64) AppleWebKit/537.36 (KHTML, like Gecko) Chrome/71.0.3578.98 Safari/537.36', '127.0.0.1', '2019-03-04 03:01:00'),
(257, 1, 'user', '50598492d6f6f229dcbe1387968037925c7c9713c44e78.82829694', 'Mozilla/5.0 (X11; Linux x86_64) AppleWebKit/537.36 (KHTML, like Gecko) Chrome/71.0.3578.98 Safari/537.36', '127.0.0.1', '2019-03-04 03:10:00'),
(258, 1, 'user', '6c2e27fe981dc8586713139eeac49ffa5c7d94ae2ead56.58895609', 'Mozilla/5.0 (X11; Linux x86_64) AppleWebKit/537.36 (KHTML, like Gecko) Chrome/71.0.3578.98 Safari/537.36', '127.0.0.1', '2019-03-04 21:12:00'),
(259, 1, 'user', '3aa5a68f1f731966605150ce94675ce15c7f05e523cd42.73813618', 'Mozilla/5.0 (X11; Linux x86_64) AppleWebKit/537.36 (KHTML, like Gecko) Chrome/71.0.3578.98 Safari/537.36', '127.0.0.1', '2019-03-05 23:27:00'),
(260, 1, 'user', 'e0f9261e6533fe8e9b379bcdb2c1515c5c7f33135a6af8.50813774', 'Mozilla/5.0 (X11; Linux x86_64) AppleWebKit/537.36 (KHTML, like Gecko) Chrome/71.0.3578.98 Safari/537.36', '127.0.0.1', '2019-03-06 02:40:00'),
(261, 1, 'user', 'd26a7aca39b5595ced461ca0a1d965d15c8afa05b20ee0.84852072', 'Mozilla/5.0 (X11; Linux x86_64) AppleWebKit/537.36 (KHTML, like Gecko) Chrome/71.0.3578.98 Safari/537.36', '127.0.0.1', '2019-03-15 02:04:00'),
(262, 1, 'user', 'af9e6cb0232b690faef47ccd319228295c8b0975e00ea2.33867656', 'Mozilla/5.0 (X11; Linux x86_64) AppleWebKit/537.36 (KHTML, like Gecko) Chrome/71.0.3578.98 Safari/537.36', '127.0.0.1', '2019-03-15 03:09:00'),
(263, 1, 'adms', '43db669a6d199bc9a5c9217e4f219d315c8b0ac36fe0d6.23238274', 'Mozilla/5.0 (X11; Linux x86_64) AppleWebKit/537.36 (KHTML, like Gecko) Chrome/71.0.3578.98 Safari/537.36', '127.0.0.1', '2019-03-15 03:15:00'),
(264, 1, 'user', '9e92a37d8d50e9f3f19d99479424eb9b5c8b0cb5a84db7.18173123', 'Mozilla/5.0 (X11; Linux x86_64) AppleWebKit/537.36 (KHTML, like Gecko) Chrome/71.0.3578.98 Safari/537.36', '127.0.0.1', '2019-03-15 03:23:00'),
(265, 1, 'user', 'b1426d9cca81077054c92291d24aec3e5c8bd7b1464750.23422271', 'Mozilla/5.0 (X11; Linux x86_64) AppleWebKit/537.36 (KHTML, like Gecko) Chrome/71.0.3578.98 Safari/537.36', '127.0.0.1', '2019-03-15 17:49:00');

-- --------------------------------------------------------

--
-- Estructura de tabla para la tabla `tbla_tasa`
--

CREATE TABLE IF NOT EXISTS `tbla_tasa` (
  `id` bigint(20) unsigned NOT NULL COMMENT 'Serial de la tabla',
  `tasa_nomb` varchar(100) DEFAULT NULL COMMENT 'Nombre de la tasa de cambio',
  `tasa_mnda` varchar(100) NOT NULL COMMENT 'Simbolo de la moneda que se vera en las tarifas',
  `tasa_fctr` decimal(12,6) NOT NULL COMMENT 'Factor del tipo de cambio con respecto al dolar americano',
  `tasa_estd` tinyint(1) NOT NULL COMMENT ' Estado del registro',
  `tasa_freg` timestamp NOT NULL DEFAULT CURRENT_TIMESTAMP COMMENT 'Fecha de ingreso del registro'
) ENGINE=InnoDB DEFAULT CHARSET=utf8 COMMENT='Tasas de cambio para monedas';

-- --------------------------------------------------------

--
-- Estructura de tabla para la tabla `tbla_user`
--

CREATE TABLE IF NOT EXISTS `tbla_user` (
  `id` bigint(20) unsigned NOT NULL AUTO_INCREMENT COMMENT 'Serial de la tabla',
  `user_nomb` varchar(45) COLLATE utf8_bin NOT NULL COMMENT 'Nombre del usuario',
  `user_apll` varchar(45) COLLATE utf8_bin NOT NULL COMMENT 'Apellido del usuario',
  `user_ndni` varchar(10) COLLATE utf8_bin NOT NULL COMMENT 'N&uacute;mero de documento de identidad',
  `user_sexo` varchar(1) COLLATE utf8_bin NOT NULL COMMENT 'Sexo del representante',
  `user_dirc` text COLLATE utf8_bin NOT NULL COMMENT 'Direcci&oacute;n de habitaci&oacute;n',
  `user_fnac` date NOT NULL COMMENT 'Fecha de nacimiento',
  `user_tlef` varchar(14) COLLATE utf8_bin NOT NULL COMMENT 'N&uacute;mero tel&eacute;fonico de habitaci&oacute;n',
  `user_movl` varchar(14) COLLATE utf8_bin NOT NULL COMMENT 'n&uacute;mero telef&oacute;nico mov&iacute;l celular',
  `user_mail` varchar(45) COLLATE utf8_bin NOT NULL COMMENT 'Direcci&oacute;n de correo electr&oacute;nico',
  `user_pass` varchar(145) COLLATE utf8_bin NOT NULL COMMENT 'Contrase&ntilde;a para iniciar sesi&oacute;n',
  `user_scdg` varchar(145) COLLATE utf8_bin DEFAULT NULL COMMENT 'C&oacute;digo de Seguridad',
  `user_pkey` varchar(145) COLLATE utf8_bin DEFAULT NULL COMMENT 'Key para reestablecer la Contrase&ntilde;a',
  `user_estd` tinyint(1) NOT NULL COMMENT 'Estado del registro',
  `user_freg` timestamp NOT NULL DEFAULT CURRENT_TIMESTAMP COMMENT ' Contribuyente especial',
  PRIMARY KEY (`id`),
  UNIQUE KEY `id_UNIQUE` (`id`),
  UNIQUE KEY `user_ndni_UNIQUE` (`user_ndni`),
  UNIQUE KEY `user_mail_UNIQUE` (`user_mail`)
) ENGINE=InnoDB  DEFAULT CHARSET=utf8 COLLATE=utf8_bin COMMENT='Usuarios del sistema' AUTO_INCREMENT=15 ;

--
-- Volcado de datos para la tabla `tbla_user`
--

INSERT INTO `tbla_user` (`id`, `user_nomb`, `user_apll`, `user_ndni`, `user_sexo`, `user_dirc`, `user_fnac`, `user_tlef`, `user_movl`, `user_mail`, `user_pass`, `user_scdg`, `user_pkey`, `user_estd`, `user_freg`) VALUES
(1, 'Juan', 'Perez', '18456985', 'M', 'Calle 10 #6-42\r\nUrb. La Pradera', '1972-07-11', '04147589886', '041475898864', 'juan.perez@gmail.com', '$2y$10$j9b9uJbJfBM3SWE0FEOZGOKj2HydfcAX0fh7mBPC0RUlvVrbgQsZy', '0dbeaff3ec611ddd48cac349e69ab64fcc7228c0', NULL, 1, '2019-02-19 22:12:10'),
(3, 'Ruben', 'Velasco', '12145963', 'M', 'Calle 10 #6-42 Urb. La Pradera', '1980-03-04', '04147589886', '04147589887', 'ruben@gmail.com', '$2y$10$n8GluSkhbE37uImMhcNi3.g.Sz7M5p3vwbokLQr23OUKM1YZCD18a', '96f21fe54cfc3ffb611e3f172e5e14e8c62287ad', NULL, 1, '2019-02-19 22:49:15'),
(5, 'Ruben', 'Velasco', '13145963', 'M', 'Calle 10 #6-42 Urb. La Pradera', '1980-03-04', '04147589886', '04147589887', 'ruben2@gmail.com', '$2y$10$x/A5OWcjdacHDHu4.x4E7OUt9VEpM4z2.KxtnUKVb9WR8/4LMbkNm', 'a96d83d42fd4fcfd8bdce4604428e5cae9432a66', NULL, 1, '2019-02-19 22:59:45'),
(6, 'Pedro', 'Pern&iacute;a', '15789654', 'M', 'Calle 10 #6-42 Urb. La Pradera', '1986-03-04', '04147589887', '04147589886', 'pedropernia@gmail.com', '$2y$10$OkPKgs5xsvKIKlbTsBM2duCxIQt0XXpfrX2XXug/Q9u5wMXXrB5yy', '11c1e25dbacf95c6e0f40a2d0baf1db644074532', NULL, 1, '2019-02-19 23:09:24'),
(8, 'Esteban', 'Cardenas', '16789412', 'M', 'Calle 10 #6-42 Urb. La Pradera', '1972-03-14', '04147589887', '04147589882', 'esteban@gmail.com', '$2y$10$0Mb2X/jp5CpOT5Pc4s.fHeH3QJccRdFSd0gAPUa3S1nNaYuGAI0I6', '1220bf5b96d89237d7dae4d462733eb025f6b6c5', NULL, 1, '2019-02-19 23:12:16'),
(10, 'maria', 'perez', '21456987', 'M', 'Calle 10 #6-42 Urb. La Pradera', '1979-03-04', '04147589886', '04147589887', 'mariaperez@gmail.com', '$2y$10$ucI6vXr2aQi0N/zGAH2yuOLdPRlwTXbPwYUr8zX6IrnJHKIXwL.wy', 'e3f7c90d865b06e307e758f998acca3d3ab809e5', NULL, 1, '2019-02-19 23:24:09'),
(11, 'Maria', 'Colmenares', '9123456', 'M', 'Calle 10 #6-42 Urb. La Pradera', '1979-03-05', '04147589840', '04147589823', 'mariacolmenares@gmail.com', '$2y$10$y4PmZX9nmc.my8e3eGjT7.kfY1O8UvC9jjv1pKNfwT45Uh3dSvN7C', 'abdcc272d80430975ff8f7f792aec9043cf110d7', NULL, 1, '2019-02-19 23:43:54'),
(12, 'jorge', 'Cardenas', '2812412', 'M', 'Calle 10 #6-42 Urb. La Pradera', '1979-03-04', '04147589886', '04147589887', 'jorgecardenas@gmail.com', '$2y$10$VovsMGR7lpH.6pQRpwxBUuz4vrxaNdusu03y3cmjosaqUKBiuZiCe', '9ce6063254b3240ba0fe9bf5ed74fb5a3c2dcf51', NULL, 1, '2019-02-19 23:46:52'),
(13, 'Juan', 'Alviarez', '8745962', 'M', 'Calle 10 #6-42\r\nUrb. La Pradera', '1979-03-04', '04147589886', '04147589886', 'juan.alviarez@gmail.com', '$2y$10$I2SG5F6glQKNdUEQcCh5B.k/ZVg5gmDfBih0wsQ16ezo4HdWXaSy2', '5a2c0bdcc0d6179445c3bca0662c138ed816d9ef', NULL, 1, '2019-02-19 23:49:37'),
(14, 'Ana', 'Moncada', '4094613', 'F', 'Calle 10 #6-42\r\nUrb. La Pradera', '1949-07-11', '04147589886', '04147589886', 'ana.mery.mg@gmail.com', '$2y$10$sjZKnDZ2Y6ioLSbTFXuC4.BUfWLErYPA2ug0G.S/93u8jVdNYc4Ge', '0061a9f69d58380d4356dcf7b76ce5feb890511e', NULL, 1, '2019-02-26 22:36:57');

-- --------------------------------------------------------

--
-- Estructura de tabla para la tabla `tbla_vist`
--

CREATE TABLE IF NOT EXISTS `tbla_vist` (
  `id` bigint(20) unsigned NOT NULL AUTO_INCREMENT COMMENT 'Serial de la tabla',
  `vist_tbla` varchar(9) COLLATE utf8_bin NOT NULL COMMENT 'Tabla del registro',
  `vist_idrg` bigint(20) NOT NULL COMMENT 'id del regsitro',
  `vist_vist` int(11) NOT NULL COMMENT 'N&uacute;mero de visitas',
  `vist_freg` timestamp NOT NULL DEFAULT CURRENT_TIMESTAMP COMMENT 'Fecha y hora de consulta del registro',
  PRIMARY KEY (`id`),
  UNIQUE KEY `id_UNIQUE` (`id`)
) ENGINE=InnoDB  DEFAULT CHARSET=utf8 COLLATE=utf8_bin COMMENT='tabla para almacenar registros de visitas a algunas secciones' AUTO_INCREMENT=25 ;

--
-- Volcado de datos para la tabla `tbla_vist`
--

INSERT INTO `tbla_vist` (`id`, `vist_tbla`, `vist_idrg`, `vist_vist`, `vist_freg`) VALUES
(1, 'tbla_fltr', 3, 11, '2017-06-18 19:38:34'),
(2, 'tbla_fltr', 7, 8, '2017-06-04 18:55:03'),
(3, 'tbla_fltr', 9, 4, '2017-04-16 22:06:25'),
(4, 'tbla_fltr', 6, 27, '2017-05-01 21:39:45'),
(5, 'tbla_fltr', 10, 1, '2017-04-16 22:02:55'),
(6, 'tbla_fltr', 8, 3, '2017-06-01 19:02:11'),
(7, 'tbla_fltr', 4, 9, '2017-09-10 23:05:35'),
(8, 'tbla_fltr', 11, 5, '2017-09-14 00:18:22'),
(9, 'tbla_fltr', 5, 3, '2017-05-06 23:23:39'),
(10, 'tbla_fltr', 1, 6, '2017-04-18 23:20:16'),
(11, 'tbla_fltr', 12, 1, '2017-05-06 23:43:43'),
(12, 'tbla_notc', 2, 8, '2017-06-18 19:22:49'),
(13, 'tbla_notc', 6, 6, '2018-04-01 19:33:46'),
(14, 'tbla_notc', 7, 42, '2019-01-11 02:30:03'),
(15, 'tbla_notc', 5, 1, '2017-11-05 23:19:45'),
(16, 'tbla_prod', 1, 59, '2018-03-25 22:18:38'),
(17, 'tbla_prod', 3, 1, '2017-11-10 19:49:59'),
(18, 'tbla_prod', 2, 2, '2017-11-10 19:53:01'),
(19, 'tbla_prod', 4, 12, '2018-02-05 00:07:05'),
(20, 'tbla_prod', 5, 117, '2018-04-26 00:08:47'),
(21, 'tbla_prod', 6, 11, '2018-03-26 22:01:55'),
(22, 'tbla_prod', 7, 7, '2018-03-29 23:10:56'),
(23, 'tbla_prod', 8, 1, '2018-04-02 00:55:09'),
(24, 'tbla_notc', 8, 1, '2019-01-18 20:44:33');

--
-- Restricciones para tablas volcadas
--

--
-- Filtros para la tabla `tbla_admd`
--
ALTER TABLE `tbla_admd`
  ADD CONSTRAINT `fk_tbla_admd_1` FOREIGN KEY (`admd_adms`) REFERENCES `tbla_adms` (`id`) ON DELETE CASCADE ON UPDATE CASCADE,
  ADD CONSTRAINT `fk_tbla_admd_2` FOREIGN KEY (`admd_mdlo`) REFERENCES `tbla_mdlo` (`id`) ON DELETE CASCADE ON UPDATE CASCADE;

--
-- Filtros para la tabla `tbla_evnt`
--
ALTER TABLE `tbla_evnt`
  ADD CONSTRAINT `fk_tbla_evnt_1` FOREIGN KEY (`evnt_evnc`) REFERENCES `tbla_evnc` (`id`) ON DELETE CASCADE ON UPDATE CASCADE;

--
-- Filtros para la tabla `tbla_lcor`
--
ALTER TABLE `tbla_lcor`
  ADD CONSTRAINT `fk_tbla_lcor_1` FOREIGN KEY (`lcor_lcmc`) REFERENCES `tbla_lcmc` (`id`) ON DELETE CASCADE ON UPDATE CASCADE,
  ADD CONSTRAINT `fk_tbla_lcor_2` FOREIGN KEY (`lcor_lctp`) REFERENCES `tbla_lctp` (`id`) ON DELETE CASCADE ON UPDATE CASCADE,
  ADD CONSTRAINT `fk_tbla_lcor_3` FOREIGN KEY (`lcor_lcct`) REFERENCES `tbla_lcct` (`id`) ON DELETE CASCADE ON UPDATE CASCADE;

--
-- Filtros para la tabla `tbla_mdlo`
--
ALTER TABLE `tbla_mdlo`
  ADD CONSTRAINT `fk_tbla_mdlo_1` FOREIGN KEY (`mdlo_secc`) REFERENCES `tbla_secc` (`id`) ON DELETE CASCADE ON UPDATE CASCADE;

--
-- Filtros para la tabla `tbla_mesa`
--
ALTER TABLE `tbla_mesa`
  ADD CONSTRAINT `fk_tbla_mesa_1` FOREIGN KEY (`mesa_mstp`) REFERENCES `tbla_mstp` (`id`) ON DELETE CASCADE ON UPDATE CASCADE,
  ADD CONSTRAINT `fk_tbla_mesa_2` FOREIGN KEY (`mesa_msvp`) REFERENCES `tbla_msvp` (`id`) ON DELETE CASCADE ON UPDATE CASCADE;

--
-- Filtros para la tabla `tbla_plts`
--
ALTER TABLE `tbla_plts`
  ADD CONSTRAINT `fk_tbla_plts_1` FOREIGN KEY (`plts_plct`) REFERENCES `tbla_pltp` (`id`) ON DELETE CASCADE ON UPDATE CASCADE;

--
-- Filtros para la tabla `tbla_prln`
--
ALTER TABLE `tbla_prln`
  ADD CONSTRAINT `fk_tbla_prln_1` FOREIGN KEY (`prln_prct`) REFERENCES `tbla_prct` (`id`) ON DELETE CASCADE ON UPDATE CASCADE;

--
-- Filtros para la tabla `tbla_prod`
--
ALTER TABLE `tbla_prod`
  ADD CONSTRAINT `fk_tbla_prod_2` FOREIGN KEY (`prod_prln`) REFERENCES `tbla_prln` (`id`) ON DELETE CASCADE ON UPDATE CASCADE,
  ADD CONSTRAINT `fk_tbla_prod_3` FOREIGN KEY (`prod_prtp`) REFERENCES `tbla_prtp` (`id`) ON DELETE CASCADE ON UPDATE CASCADE;

--
-- Filtros para la tabla `tbla_rsrv`
--
ALTER TABLE `tbla_rsrv`
  ADD CONSTRAINT `fk_tbla_rsrv_1` FOREIGN KEY (`rsrv_mesa`) REFERENCES `tbla_mesa` (`id`) ON DELETE CASCADE ON UPDATE CASCADE,
  ADD CONSTRAINT `fk_tbla_rsrv_2` FOREIGN KEY (`rsrv_evnt`) REFERENCES `tbla_evnt` (`id`) ON DELETE CASCADE ON UPDATE CASCADE,
  ADD CONSTRAINT `fk_tbla_rsrv_3` FOREIGN KEY (`rsrv_user`) REFERENCES `tbla_user` (`id`) ON DELETE CASCADE ON UPDATE CASCADE;

/*!40101 SET CHARACTER_SET_CLIENT=@OLD_CHARACTER_SET_CLIENT */;
/*!40101 SET CHARACTER_SET_RESULTS=@OLD_CHARACTER_SET_RESULTS */;
/*!40101 SET COLLATION_CONNECTION=@OLD_COLLATION_CONNECTION */;
